thermomix-tm7|/images/products/thermomix-tm7/1-thumb.webp,/images/products/thermomix-tm7/1-medium.webp,/images/products/thermomix-tm7/1-large.webp,/images/products/thermomix-tm7/2-thumb.webp,/images/products/thermomix-tm7/2-medium.webp,/images/products/thermomix-tm7/2-large.webp,/images/products/thermomix-tm7/3-thumb.webp,/images/products/thermomix-tm7/3-medium.webp,/images/products/thermomix-tm7/3-large.webp,/images/products/thermomix-tm7/4-thumb.webp,/images/products/thermomix-tm7/4-medium.webp,/images/products/thermomix-tm7/4-large.webp
thermomix-tm6|/images/products/thermomix-tm6/1-thumb.webp,/images/products/thermomix-tm6/1-medium.webp,/images/products/thermomix-tm6/1-large.webp,/images/products/thermomix-tm6/2-thumb.webp,/images/products/thermomix-tm6/2-medium.webp,/images/products/thermomix-tm6/2-large.webp,/images/products/thermomix-tm6/3-thumb.webp,/images/products/thermomix-tm6/3-medium.webp,/images/products/thermomix-tm6/3-large.webp,/images/products/thermomix-tm6/4-thumb.webp,/images/products/thermomix-tm6/4-medium.webp,/images/products/thermomix-tm6/4-large.webp
kitchenaid-artisan-5ksm175pse|/images/products/kitchenaid-artisan-5ksm175pse/1-thumb.webp,/images/products/kitchenaid-artisan-5ksm175pse/1-medium.webp,/images/products/kitchenaid-artisan-5ksm175pse/1-large.webp,/images/products/kitchenaid-artisan-5ksm175pse/2-thumb.webp,/images/products/kitchenaid-artisan-5ksm175pse/2-medium.webp,/images/products/kitchenaid-artisan-5ksm175pse/2-large.webp,/images/products/kitchenaid-artisan-5ksm175pse/3-thumb.webp,/images/products/kitchenaid-artisan-5ksm175pse/3-medium.webp,/images/products/kitchenaid-artisan-5ksm175pse/3-large.webp
bosch-serie-6-herd-hkh634es5|/images/products/bosch-serie-6-herd-hkh634es5/1-thumb.webp,/images/products/bosch-serie-6-herd-hkh634es5/1-medium.webp,/images/products/bosch-serie-6-herd-hkh634es5/1-large.webp,/images/products/bosch-serie-6-herd-hkh634es5/2-thumb.webp,/images/products/bosch-serie-6-herd-hkh634es5/2-medium.webp,/images/products/bosch-serie-6-herd-hkh634es5/2-large.webp,/images/products/bosch-serie-6-herd-hkh634es5/3-thumb.webp,/images/products/bosch-serie-6-herd-hkh634es5/3-medium.webp,/images/products/bosch-serie-6-herd-hkh634es5/3-large.webp,/images/products/bosch-serie-6-herd-hkh634es5/4-thumb.webp,/images/products/bosch-serie-6-herd-hkh634es5/4-medium.webp,/images/products/bosch-serie-6-herd-hkh634es5/4-large.webp
siemens-iq700-backofen-hb778ges0|/images/products/siemens-iq700-backofen-hb778ges0/1-thumb.webp,/images/products/siemens-iq700-backofen-hb778ges0/1-medium.webp,/images/products/siemens-iq700-backofen-hb778ges0/1-large.webp,/images/products/siemens-iq700-backofen-hb778ges0/2-thumb.webp,/images/products/siemens-iq700-backofen-hb778ges0/2-medium.webp,/images/products/siemens-iq700-backofen-hb778ges0/2-large.webp,/images/products/siemens-iq700-backofen-hb778ges0/3-thumb.webp,/images/products/siemens-iq700-backofen-hb778ges0/3-medium.webp,/images/products/siemens-iq700-backofen-hb778ges0/3-large.webp,/images/products/siemens-iq700-backofen-hb778ges0/4-thumb.webp,/images/products/siemens-iq700-backofen-hb778ges0/4-medium.webp,/images/products/siemens-iq700-backofen-hb778ges0/4-large.webp
gaggenau-vario-200-induktion|/images/products/gaggenau-vario-200-induktion/1-thumb.webp,/images/products/gaggenau-vario-200-induktion/1-medium.webp,/images/products/gaggenau-vario-200-induktion/1-large.webp,/images/products/gaggenau-vario-200-induktion/2-thumb.webp,/images/products/gaggenau-vario-200-induktion/2-medium.webp,/images/products/gaggenau-vario-200-induktion/2-large.webp,/images/products/gaggenau-vario-200-induktion/3-thumb.webp,/images/products/gaggenau-vario-200-induktion/3-medium.webp,/images/products/gaggenau-vario-200-induktion/3-large.webp
jura-e8-platinum|/images/products/jura-e8-platinum/1-thumb.webp,/images/products/jura-e8-platinum/1-medium.webp,/images/products/jura-e8-platinum/1-large.webp,/images/products/jura-e8-platinum/2-thumb.webp,/images/products/jura-e8-platinum/2-medium.webp,/images/products/jura-e8-platinum/2-large.webp,/images/products/jura-e8-platinum/3-thumb.webp,/images/products/jura-e8-platinum/3-medium.webp,/images/products/jura-e8-platinum/3-large.webp,/images/products/jura-e8-platinum/4-thumb.webp,/images/products/jura-e8-platinum/4-medium.webp,/images/products/jura-e8-platinum/4-large.webp
jura-z10-platinum|/images/products/jura-z10-platinum/1-thumb.webp,/images/products/jura-z10-platinum/1-medium.webp,/images/products/jura-z10-platinum/1-large.webp,/images/products/jura-z10-platinum/2-thumb.webp,/images/products/jura-z10-platinum/2-medium.webp,/images/products/jura-z10-platinum/2-large.webp,/images/products/jura-z10-platinum/3-thumb.webp,/images/products/jura-z10-platinum/3-medium.webp,/images/products/jura-z10-platinum/3-large.webp,/images/products/jura-z10-platinum/4-thumb.webp,/images/products/jura-z10-platinum/4-medium.webp,/images/products/jura-z10-platinum/4-large.webp
delonghi-magnifica-s-ecam22110b|/images/products/delonghi-magnifica-s-ecam22110b/1-thumb.webp,/images/products/delonghi-magnifica-s-ecam22110b/1-medium.webp,/images/products/delonghi-magnifica-s-ecam22110b/1-large.webp,/images/products/delonghi-magnifica-s-ecam22110b/2-thumb.webp,/images/products/delonghi-magnifica-s-ecam22110b/2-medium.webp,/images/products/delonghi-magnifica-s-ecam22110b/2-large.webp,/images/products/delonghi-magnifica-s-ecam22110b/3-thumb.webp,/images/products/delonghi-magnifica-s-ecam22110b/3-medium.webp,/images/products/delonghi-magnifica-s-ecam22110b/3-large.webp,/images/products/delonghi-magnifica-s-ecam22110b/4-thumb.webp,/images/products/delonghi-magnifica-s-ecam22110b/4-medium.webp,/images/products/delonghi-magnifica-s-ecam22110b/4-large.webp
nespresso-vertuo-pop-plus|/images/products/nespresso-vertuo-pop-plus/1-thumb.webp,/images/products/nespresso-vertuo-pop-plus/1-medium.webp,/images/products/nespresso-vertuo-pop-plus/1-large.webp,/images/products/nespresso-vertuo-pop-plus/2-thumb.webp,/images/products/nespresso-vertuo-pop-plus/2-medium.webp,/images/products/nespresso-vertuo-pop-plus/2-large.webp,/images/products/nespresso-vertuo-pop-plus/3-thumb.webp,/images/products/nespresso-vertuo-pop-plus/3-medium.webp,/images/products/nespresso-vertuo-pop-plus/3-large.webp,/images/products/nespresso-vertuo-pop-plus/4-thumb.webp,/images/products/nespresso-vertuo-pop-plus/4-medium.webp,/images/products/nespresso-vertuo-pop-plus/4-large.webp
melitta-purista-pure-black|/images/products/melitta-purista-pure-black/1-thumb.webp,/images/products/melitta-purista-pure-black/1-medium.webp,/images/products/melitta-purista-pure-black/1-large.webp,/images/products/melitta-purista-pure-black/2-thumb.webp,/images/products/melitta-purista-pure-black/2-medium.webp,/images/products/melitta-purista-pure-black/2-large.webp,/images/products/melitta-purista-pure-black/3-thumb.webp,/images/products/melitta-purista-pure-black/3-medium.webp,/images/products/melitta-purista-pure-black/3-large.webp,/images/products/melitta-purista-pure-black/4-thumb.webp,/images/products/melitta-purista-pure-black/4-medium.webp,/images/products/melitta-purista-pure-black/4-large.webp
breville-barista-express-impress|/images/products/breville-barista-express-impress/1-thumb.webp,/images/products/breville-barista-express-impress/1-medium.webp,/images/products/breville-barista-express-impress/1-large.webp,/images/products/breville-barista-express-impress/2-thumb.webp,/images/products/breville-barista-express-impress/2-medium.webp,/images/products/breville-barista-express-impress/2-large.webp,/images/products/breville-barista-express-impress/3-thumb.webp,/images/products/breville-barista-express-impress/3-medium.webp,/images/products/breville-barista-express-impress/3-large.webp,/images/products/breville-barista-express-impress/4-thumb.webp,/images/products/breville-barista-express-impress/4-medium.webp,/images/products/breville-barista-express-impress/4-large.webp
dyson-v15-detect-absolute|/images/products/dyson-v15-detect-absolute/1-thumb.webp,/images/products/dyson-v15-detect-absolute/1-medium.webp,/images/products/dyson-v15-detect-absolute/1-large.webp,/images/products/dyson-v15-detect-absolute/2-thumb.webp,/images/products/dyson-v15-detect-absolute/2-medium.webp,/images/products/dyson-v15-detect-absolute/2-large.webp
dyson-gen5detect-absolute|/images/products/dyson-gen5detect-absolute/1-thumb.webp,/images/products/dyson-gen5detect-absolute/1-medium.webp,/images/products/dyson-gen5detect-absolute/1-large.webp,/images/products/dyson-gen5detect-absolute/2-thumb.webp,/images/products/dyson-gen5detect-absolute/2-medium.webp,/images/products/dyson-gen5detect-absolute/2-large.webp,/images/products/dyson-gen5detect-absolute/3-thumb.webp,/images/products/dyson-gen5detect-absolute/3-medium.webp,/images/products/dyson-gen5detect-absolute/3-large.webp
dyson-big-ball-animal-pro|/images/products/dyson-big-ball-animal-pro/1-thumb.webp,/images/products/dyson-big-ball-animal-pro/1-medium.webp,/images/products/dyson-big-ball-animal-pro/1-large.webp,/images/products/dyson-big-ball-animal-pro/2-thumb.webp,/images/products/dyson-big-ball-animal-pro/2-medium.webp,/images/products/dyson-big-ball-animal-pro/2-large.webp,/images/products/dyson-big-ball-animal-pro/3-thumb.webp,/images/products/dyson-big-ball-animal-pro/3-medium.webp,/images/products/dyson-big-ball-animal-pro/3-large.webp,/images/products/dyson-big-ball-animal-pro/4-thumb.webp,/images/products/dyson-big-ball-animal-pro/4-medium.webp,/images/products/dyson-big-ball-animal-pro/4-large.webp
kaercher-sc4-easyfix-premium|/images/products/kaercher-sc4-easyfix-premium/1-thumb.webp,/images/products/kaercher-sc4-easyfix-premium/1-medium.webp,/images/products/kaercher-sc4-easyfix-premium/1-large.webp,/images/products/kaercher-sc4-easyfix-premium/2-thumb.webp,/images/products/kaercher-sc4-easyfix-premium/2-medium.webp,/images/products/kaercher-sc4-easyfix-premium/2-large.webp,/images/products/kaercher-sc4-easyfix-premium/3-thumb.webp,/images/products/kaercher-sc4-easyfix-premium/3-medium.webp,/images/products/kaercher-sc4-easyfix-premium/3-large.webp,/images/products/kaercher-sc4-easyfix-premium/4-thumb.webp,/images/products/kaercher-sc4-easyfix-premium/4-medium.webp,/images/products/kaercher-sc4-easyfix-premium/4-large.webp
dyson-purifier-big-quiet|/images/products/dyson-purifier-big-quiet/1-thumb.webp,/images/products/dyson-purifier-big-quiet/1-medium.webp,/images/products/dyson-purifier-big-quiet/1-large.webp,/images/products/dyson-purifier-big-quiet/2-thumb.webp,/images/products/dyson-purifier-big-quiet/2-medium.webp,/images/products/dyson-purifier-big-quiet/2-large.webp,/images/products/dyson-purifier-big-quiet/3-thumb.webp,/images/products/dyson-purifier-big-quiet/3-medium.webp,/images/products/dyson-purifier-big-quiet/3-large.webp,/images/products/dyson-purifier-big-quiet/4-thumb.webp,/images/products/dyson-purifier-big-quiet/4-medium.webp,/images/products/dyson-purifier-big-quiet/4-large.webp,/images/products/dyson-purifier-big-quiet/5-thumb.webp,/images/products/dyson-purifier-big-quiet/5-medium.webp,/images/products/dyson-purifier-big-quiet/5-large.webp
dyson-pure-cool-tp09|/images/products/dyson-pure-cool-tp09/1-thumb.webp,/images/products/dyson-pure-cool-tp09/1-medium.webp,/images/products/dyson-pure-cool-tp09/1-large.webp,/images/products/dyson-pure-cool-tp09/2-thumb.webp,/images/products/dyson-pure-cool-tp09/2-medium.webp,/images/products/dyson-pure-cool-tp09/2-large.webp,/images/products/dyson-pure-cool-tp09/3-thumb.webp,/images/products/dyson-pure-cool-tp09/3-medium.webp,/images/products/dyson-pure-cool-tp09/3-large.webp,/images/products/dyson-pure-cool-tp09/4-thumb.webp,/images/products/dyson-pure-cool-tp09/4-medium.webp,/images/products/dyson-pure-cool-tp09/4-large.webp
stadler-form-oskar-big|/images/products/stadler-form-oskar-big/1-thumb.webp,/images/products/stadler-form-oskar-big/1-medium.webp,/images/products/stadler-form-oskar-big/1-large.webp,/images/products/stadler-form-oskar-big/2-thumb.webp,/images/products/stadler-form-oskar-big/2-medium.webp,/images/products/stadler-form-oskar-big/2-large.webp,/images/products/stadler-form-oskar-big/3-thumb.webp,/images/products/stadler-form-oskar-big/3-medium.webp,/images/products/stadler-form-oskar-big/3-large.webp,/images/products/stadler-form-oskar-big/4-thumb.webp,/images/products/stadler-form-oskar-big/4-medium.webp,/images/products/stadler-form-oskar-big/4-large.webp
tado-smart-thermostat-v3plus|/images/products/tado-smart-thermostat-v3plus/1-thumb.webp,/images/products/tado-smart-thermostat-v3plus/1-medium.webp,/images/products/tado-smart-thermostat-v3plus/1-large.webp,/images/products/tado-smart-thermostat-v3plus/2-thumb.webp,/images/products/tado-smart-thermostat-v3plus/2-medium.webp,/images/products/tado-smart-thermostat-v3plus/2-large.webp,/images/products/tado-smart-thermostat-v3plus/3-thumb.webp,/images/products/tado-smart-thermostat-v3plus/3-medium.webp,/images/products/tado-smart-thermostat-v3plus/3-large.webp,/images/products/tado-smart-thermostat-v3plus/4-thumb.webp,/images/products/tado-smart-thermostat-v3plus/4-medium.webp,/images/products/tado-smart-thermostat-v3plus/4-large.webp
miele-g7966-scvi-autodos|/images/products/miele-g7966-scvi-autodos/4-thumb.webp,/images/products/miele-g7966-scvi-autodos/1-thumb.webp,/images/products/miele-g7966-scvi-autodos/4-medium.webp,/images/products/miele-g7966-scvi-autodos/3-thumb.webp,/images/products/miele-g7966-scvi-autodos/4-large.webp,/images/products/miele-g7966-scvi-autodos/1-medium.webp,/images/products/miele-g7966-scvi-autodos/2-thumb.webp,/images/products/miele-g7966-scvi-autodos/3-medium.webp,/images/products/miele-g7966-scvi-autodos/1-large.webp,/images/products/miele-g7966-scvi-autodos/2-medium.webp,/images/products/miele-g7966-scvi-autodos/3-large.webp,/images/products/miele-g7966-scvi-autodos/2-large.webp
tado-smart-ac-control-v3plus|/images/products/tado-smart-ac-control-v3plus/1-thumb.webp,/images/products/tado-smart-ac-control-v3plus/1-medium.webp,/images/products/tado-smart-ac-control-v3plus/1-large.webp,/images/products/tado-smart-ac-control-v3plus/2-thumb.webp,/images/products/tado-smart-ac-control-v3plus/2-medium.webp,/images/products/tado-smart-ac-control-v3plus/2-large.webp,/images/products/tado-smart-ac-control-v3plus/3-thumb.webp,/images/products/tado-smart-ac-control-v3plus/3-medium.webp,/images/products/tado-smart-ac-control-v3plus/3-large.webp,/images/products/tado-smart-ac-control-v3plus/4-thumb.webp,/images/products/tado-smart-ac-control-v3plus/4-medium.webp,/images/products/tado-smart-ac-control-v3plus/4-large.webp
philips-hue-starter-kit-e27|/images/products/philips-hue-starter-kit-e27/1-thumb.webp,/images/products/philips-hue-starter-kit-e27/1-medium.webp,/images/products/philips-hue-starter-kit-e27/1-large.webp,/images/products/philips-hue-starter-kit-e27/2-thumb.webp,/images/products/philips-hue-starter-kit-e27/2-medium.webp,/images/products/philips-hue-starter-kit-e27/2-large.webp,/images/products/philips-hue-starter-kit-e27/3-thumb.webp,/images/products/philips-hue-starter-kit-e27/3-medium.webp,/images/products/philips-hue-starter-kit-e27/3-large.webp,/images/products/philips-hue-starter-kit-e27/4-thumb.webp,/images/products/philips-hue-starter-kit-e27/4-medium.webp,/images/products/philips-hue-starter-kit-e27/4-large.webp
nanoleaf-shapes-hexagons|/images/products/nanoleaf-shapes-hexagons/1-thumb.webp,/images/products/nanoleaf-shapes-hexagons/1-medium.webp,/images/products/nanoleaf-shapes-hexagons/1-large.webp,/images/products/nanoleaf-shapes-hexagons/2-thumb.webp,/images/products/nanoleaf-shapes-hexagons/2-medium.webp,/images/products/nanoleaf-shapes-hexagons/2-large.webp,/images/products/nanoleaf-shapes-hexagons/3-thumb.webp,/images/products/nanoleaf-shapes-hexagons/3-medium.webp,/images/products/nanoleaf-shapes-hexagons/3-large.webp,/images/products/nanoleaf-shapes-hexagons/4-thumb.webp,/images/products/nanoleaf-shapes-hexagons/4-medium.webp,/images/products/nanoleaf-shapes-hexagons/4-large.webp
ring-video-doorbell-4|/images/products/ring-video-doorbell-4/1-thumb.webp,/images/products/ring-video-doorbell-4/1-medium.webp,/images/products/ring-video-doorbell-4/1-large.webp,/images/products/ring-video-doorbell-4/2-thumb.webp,/images/products/ring-video-doorbell-4/2-medium.webp,/images/products/ring-video-doorbell-4/2-large.webp,/images/products/ring-video-doorbell-4/3-thumb.webp,/images/products/ring-video-doorbell-4/3-medium.webp,/images/products/ring-video-doorbell-4/3-large.webp,/images/products/ring-video-doorbell-4/4-thumb.webp,/images/products/ring-video-doorbell-4/4-medium.webp,/images/products/ring-video-doorbell-4/4-large.webp
liebherr-premium-comfort-kgn36vi3|/images/products/liebherr-premium-comfort-kgn36vi3/1-thumb.webp,/images/products/liebherr-premium-comfort-kgn36vi3/1-medium.webp,/images/products/liebherr-premium-comfort-kgn36vi3/1-large.webp,/images/products/liebherr-premium-comfort-kgn36vi3/3-thumb.webp,/images/products/liebherr-premium-comfort-kgn36vi3/3-medium.webp,/images/products/liebherr-premium-comfort-kgn36vi3/3-large.webp,/images/products/liebherr-premium-comfort-kgn36vi3/4-thumb.webp,/images/products/liebherr-premium-comfort-kgn36vi3/4-medium.webp,/images/products/liebherr-premium-comfort-kgn36vi3/4-large.webp
miele-w1-waschmaschine-wci870|/images/products/miele-w1-waschmaschine-wci870/1-thumb.webp,/images/products/miele-w1-waschmaschine-wci870/1-medium.webp,/images/products/miele-w1-waschmaschine-wci870/1-large.webp,/images/products/miele-w1-waschmaschine-wci870/2-thumb.webp,/images/products/miele-w1-waschmaschine-wci870/2-medium.webp,/images/products/miele-w1-waschmaschine-wci870/2-large.webp,/images/products/miele-w1-waschmaschine-wci870/3-thumb.webp,/images/products/miele-w1-waschmaschine-wci870/3-medium.webp,/images/products/miele-w1-waschmaschine-wci870/3-large.webp,/images/products/miele-w1-waschmaschine-wci870/4-thumb.webp,/images/products/miele-w1-waschmaschine-wci870/4-medium.webp,/images/products/miele-w1-waschmaschine-wci870/4-large.webp
liebherr-mono-sgne5226|/images/products/liebherr-mono-sgne5226/1-thumb.webp,/images/products/liebherr-mono-sgne5226/1-medium.webp,/images/products/liebherr-mono-sgne5226/1-large.webp
miele-t1-trockner-trk845|/images/products/miele-t1-trockner-trk845/1-thumb.webp,/images/products/miele-t1-trockner-trk845/1-medium.webp,/images/products/miele-t1-trockner-trk845/1-large.webp,/images/products/miele-t1-trockner-trk845/2-thumb.webp,/images/products/miele-t1-trockner-trk845/2-medium.webp,/images/products/miele-t1-trockner-trk845/2-large.webp,/images/products/miele-t1-trockner-trk845/3-thumb.webp,/images/products/miele-t1-trockner-trk845/3-medium.webp,/images/products/miele-t1-trockner-trk845/3-large.webp,/images/products/miele-t1-trockner-trk845/4-thumb.webp,/images/products/miele-t1-trockner-trk845/4-medium.webp,/images/products/miele-t1-trockner-trk845/4-large.webp
samsung-family-hub-bespoke-rb38b7735s9|/images/products/samsung-family-hub-bespoke-rb38b7735s9/2-thumb.webp,/images/products/samsung-family-hub-bespoke-rb38b7735s9/2-medium.webp,/images/products/samsung-family-hub-bespoke-rb38b7735s9/2-large.webp,/images/products/samsung-family-hub-bespoke-rb38b7735s9/3-thumb.webp,/images/products/samsung-family-hub-bespoke-rb38b7735s9/3-medium.webp,/images/products/samsung-family-hub-bespoke-rb38b7735s9/3-large.webp
bosch-serie-6-wgg244z00|/images/products/bosch-serie-6-wgg244z00/1-thumb.webp,/images/products/bosch-serie-6-wgg244z00/1-medium.webp,/images/products/bosch-serie-6-wgg244z00/1-large.webp,/images/products/bosch-serie-6-wgg244z00/2-thumb.webp,/images/products/bosch-serie-6-wgg244z00/2-medium.webp,/images/products/bosch-serie-6-wgg244z00/2-large.webp,/images/products/bosch-serie-6-wgg244z00/3-thumb.webp,/images/products/bosch-serie-6-wgg244z00/3-medium.webp,/images/products/bosch-serie-6-wgg244z00/3-large.webp,/images/products/bosch-serie-6-wgg244z00/4-thumb.webp,/images/products/bosch-serie-6-wgg244z00/4-medium.webp,/images/products/bosch-serie-6-wgg244z00/4-large.webp
samsung-ecobubble-ww90tp04dsh|/images/products/samsung-ecobubble-ww90tp04dsh/1-thumb.webp,/images/products/samsung-ecobubble-ww90tp04dsh/1-medium.webp,/images/products/samsung-ecobubble-ww90tp04dsh/1-large.webp,/images/products/samsung-ecobubble-ww90tp04dsh/2-thumb.webp,/images/products/samsung-ecobubble-ww90tp04dsh/2-medium.webp,/images/products/samsung-ecobubble-ww90tp04dsh/2-large.webp,/images/products/samsung-ecobubble-ww90tp04dsh/3-thumb.webp,/images/products/samsung-ecobubble-ww90tp04dsh/3-medium.webp,/images/products/samsung-ecobubble-ww90tp04dsh/3-large.webp,/images/products/samsung-ecobubble-ww90tp04dsh/4-thumb.webp,/images/products/samsung-ecobubble-ww90tp04dsh/4-medium.webp,/images/products/samsung-ecobubble-ww90tp04dsh/4-large.webp
bosch-serie-6-kgn39vl3a|/images/products/bosch-serie-6-kgn39vl3a/1-thumb.webp,/images/products/bosch-serie-6-kgn39vl3a/1-medium.webp,/images/products/bosch-serie-6-kgn39vl3a/1-large.webp
kitchenaid-artisan-mini-5ksm33|/images/products/kitchenaid-artisan-mini-5ksm33/1-thumb.webp,/images/products/kitchenaid-artisan-mini-5ksm33/1-medium.webp,/images/products/kitchenaid-artisan-mini-5ksm33/1-large.webp,/images/products/kitchenaid-artisan-mini-5ksm33/2-thumb.webp,/images/products/kitchenaid-artisan-mini-5ksm33/2-medium.webp,/images/products/kitchenaid-artisan-mini-5ksm33/2-large.webp,/images/products/kitchenaid-artisan-mini-5ksm33/3-thumb.webp,/images/products/kitchenaid-artisan-mini-5ksm33/3-medium.webp,/images/products/kitchenaid-artisan-mini-5ksm33/3-large.webp,/images/products/kitchenaid-artisan-mini-5ksm33/4-thumb.webp,/images/products/kitchenaid-artisan-mini-5ksm33/4-medium.webp,/images/products/kitchenaid-artisan-mini-5ksm33/4-large.webp
vorwerk-thermomix-tm5|/images/products/vorwerk-thermomix-tm5/1-thumb.webp,/images/products/vorwerk-thermomix-tm5/1-medium.webp,/images/products/vorwerk-thermomix-tm5/1-large.webp,/images/products/vorwerk-thermomix-tm5/2-thumb.webp,/images/products/vorwerk-thermomix-tm5/2-medium.webp,/images/products/vorwerk-thermomix-tm5/2-large.webp
sage-the-bakery-boss|/images/products/sage-the-bakery-boss/1-thumb.webp,/images/products/sage-the-bakery-boss/1-medium.webp,/images/products/sage-the-bakery-boss/1-large.webp
ninja-foodi-multi-cooker-nc300|/images/products/ninja-foodi-multi-cooker-nc300/1-thumb.webp,/images/products/ninja-foodi-multi-cooker-nc300/1-medium.webp,/images/products/ninja-foodi-multi-cooker-nc300/1-large.webp,/images/products/ninja-foodi-multi-cooker-nc300/2-thumb.webp,/images/products/ninja-foodi-multi-cooker-nc300/2-medium.webp,/images/products/ninja-foodi-multi-cooker-nc300/2-large.webp
wmf-kitchenminis-handmixer|/images/products/wmf-kitchenminis-handmixer/1-thumb.webp,/images/products/wmf-kitchenminis-handmixer/1-medium.webp,/images/products/wmf-kitchenminis-handmixer/1-large.webp
tefal-jamie-oliver-cook-smart|/images/products/tefal-jamie-oliver-cook-smart/1-thumb.webp,/images/products/tefal-jamie-oliver-cook-smart/1-medium.webp,/images/products/tefal-jamie-oliver-cook-smart/1-large.webp
gastroback-advanced-dual-plus-40882|/images/products/gastroback-advanced-dual-plus-40882/1-thumb.webp,/images/products/gastroback-advanced-dual-plus-40882/1-medium.webp,/images/products/gastroback-advanced-dual-plus-40882/1-large.webp,/images/products/gastroback-advanced-dual-plus-40882/2-thumb.webp,/images/products/gastroback-advanced-dual-plus-40882/2-medium.webp,/images/products/gastroback-advanced-dual-plus-40882/2-large.webp
vorwerk-kobold-vk200|/images/products/vorwerk-kobold-vk200/2-thumb.webp,/images/products/vorwerk-kobold-vk200/2-medium.webp,/images/products/vorwerk-kobold-vk200/2-large.webp
kenwood-chef-xl-elite-kvl6325s|/images/products/kenwood-chef-xl-elite-kvl6325s/1-thumb.webp,/images/products/kenwood-chef-xl-elite-kvl6325s/1-medium.webp,/images/products/kenwood-chef-xl-elite-kvl6325s/1-large.webp,/images/products/kenwood-chef-xl-elite-kvl6325s/2-thumb.webp,/images/products/kenwood-chef-xl-elite-kvl6325s/2-medium.webp,/images/products/kenwood-chef-xl-elite-kvl6325s/2-large.webp,/images/products/kenwood-chef-xl-elite-kvl6325s/3-thumb.webp,/images/products/kenwood-chef-xl-elite-kvl6325s/3-medium.webp,/images/products/kenwood-chef-xl-elite-kvl6325s/3-large.webp,/images/products/kenwood-chef-xl-elite-kvl6325s/4-thumb.webp,/images/products/kenwood-chef-xl-elite-kvl6325s/4-medium.webp,/images/products/kenwood-chef-xl-elite-kvl6325s/4-large.webp,/images/products/kenwood-chef-xl-elite-kvl6325s/5-thumb.webp,/images/products/kenwood-chef-xl-elite-kvl6325s/5-medium.webp,/images/products/kenwood-chef-xl-elite-kvl6325s/5-large.webp
russell-hobbs-go-create-handmixer|/images/products/russell-hobbs-go-create-handmixer/1-thumb.webp,/images/products/russell-hobbs-go-create-handmixer/1-medium.webp,/images/products/russell-hobbs-go-create-handmixer/1-large.webp,/images/products/russell-hobbs-go-create-handmixer/2-thumb.webp,/images/products/russell-hobbs-go-create-handmixer/2-medium.webp,/images/products/russell-hobbs-go-create-handmixer/2-large.webp,/images/products/russell-hobbs-go-create-handmixer/3-thumb.webp,/images/products/russell-hobbs-go-create-handmixer/3-medium.webp,/images/products/russell-hobbs-go-create-handmixer/3-large.webp,/images/products/russell-hobbs-go-create-handmixer/4-thumb.webp,/images/products/russell-hobbs-go-create-handmixer/4-medium.webp,/images/products/russell-hobbs-go-create-handmixer/4-large.webp,/images/products/russell-hobbs-go-create-handmixer/5-thumb.webp,/images/products/russell-hobbs-go-create-handmixer/5-medium.webp,/images/products/russell-hobbs-go-create-handmixer/5-large.webp,/images/products/russell-hobbs-go-create-handmixer/6-thumb.webp,/images/products/russell-hobbs-go-create-handmixer/6-medium.webp,/images/products/russell-hobbs-go-create-handmixer/6-large.webp
bosch-mfq3540-handmixer|/images/products/bosch-mfq3540-handmixer/1-thumb.webp,/images/products/bosch-mfq3540-handmixer/1-medium.webp,/images/products/bosch-mfq3540-handmixer/1-large.webp,/images/products/bosch-mfq3540-handmixer/2-thumb.webp,/images/products/bosch-mfq3540-handmixer/2-medium.webp,/images/products/bosch-mfq3540-handmixer/2-large.webp,/images/products/bosch-mfq3540-handmixer/3-thumb.webp,/images/products/bosch-mfq3540-handmixer/3-medium.webp,/images/products/bosch-mfq3540-handmixer/3-large.webp
electrolux-assist-9-handmixer|/images/products/electrolux-assist-9-handmixer/1-thumb.webp,/images/products/electrolux-assist-9-handmixer/1-medium.webp,/images/products/electrolux-assist-9-handmixer/1-large.webp,/images/products/electrolux-assist-9-handmixer/2-thumb.webp,/images/products/electrolux-assist-9-handmixer/2-medium.webp,/images/products/electrolux-assist-9-handmixer/2-large.webp,/images/products/electrolux-assist-9-handmixer/3-thumb.webp,/images/products/electrolux-assist-9-handmixer/3-medium.webp,/images/products/electrolux-assist-9-handmixer/3-large.webp,/images/products/electrolux-assist-9-handmixer/4-thumb.webp,/images/products/electrolux-assist-9-handmixer/4-medium.webp,/images/products/electrolux-assist-9-handmixer/4-large.webp
aeg-hm-400-handmixer|/images/products/aeg-hm-400-handmixer/1-thumb.webp,/images/products/aeg-hm-400-handmixer/1-medium.webp,/images/products/aeg-hm-400-handmixer/1-large.webp,/images/products/aeg-hm-400-handmixer/2-thumb.webp,/images/products/aeg-hm-400-handmixer/2-medium.webp,/images/products/aeg-hm-400-handmixer/2-large.webp,/images/products/aeg-hm-400-handmixer/3-thumb.webp,/images/products/aeg-hm-400-handmixer/3-medium.webp,/images/products/aeg-hm-400-handmixer/3-large.webp,/images/products/aeg-hm-400-handmixer/4-thumb.webp,/images/products/aeg-hm-400-handmixer/4-medium.webp,/images/products/aeg-hm-400-handmixer/4-large.webp,/images/products/aeg-hm-400-handmixer/5-thumb.webp,/images/products/aeg-hm-400-handmixer/5-medium.webp,/images/products/aeg-hm-400-handmixer/5-large.webp
braun-mq7-multiquick-handmixer|/images/products/braun-mq7-multiquick-handmixer/1-thumb.webp,/images/products/braun-mq7-multiquick-handmixer/1-medium.webp,/images/products/braun-mq7-multiquick-handmixer/1-large.webp,/images/products/braun-mq7-multiquick-handmixer/2-thumb.webp,/images/products/braun-mq7-multiquick-handmixer/2-medium.webp,/images/products/braun-mq7-multiquick-handmixer/2-large.webp,/images/products/braun-mq7-multiquick-handmixer/3-thumb.webp,/images/products/braun-mq7-multiquick-handmixer/3-medium.webp,/images/products/braun-mq7-multiquick-handmixer/3-large.webp,/images/products/braun-mq7-multiquick-handmixer/4-thumb.webp,/images/products/braun-mq7-multiquick-handmixer/4-medium.webp,/images/products/braun-mq7-multiquick-handmixer/4-large.webp,/images/products/braun-mq7-multiquick-handmixer/5-thumb.webp,/images/products/braun-mq7-multiquick-handmixer/5-medium.webp,/images/products/braun-mq7-multiquick-handmixer/5-large.webp,/images/products/braun-mq7-multiquick-handmixer/6-thumb.webp,/images/products/braun-mq7-multiquick-handmixer/6-medium.webp,/images/products/braun-mq7-multiquick-handmixer/6-large.webp
philips-hr3655-handmixer|/images/products/philips-hr3655-handmixer/1-thumb.webp,/images/products/philips-hr3655-handmixer/1-medium.webp,/images/products/philips-hr3655-handmixer/1-large.webp,/images/products/philips-hr3655-handmixer/2-thumb.webp,/images/products/philips-hr3655-handmixer/2-medium.webp,/images/products/philips-hr3655-handmixer/2-large.webp,/images/products/philips-hr3655-handmixer/3-thumb.webp,/images/products/philips-hr3655-handmixer/3-medium.webp,/images/products/philips-hr3655-handmixer/3-large.webp,/images/products/philips-hr3655-handmixer/4-thumb.webp,/images/products/philips-hr3655-handmixer/4-medium.webp,/images/products/philips-hr3655-handmixer/4-large.webp,/images/products/philips-hr3655-handmixer/5-thumb.webp,/images/products/philips-hr3655-handmixer/5-medium.webp,/images/products/philips-hr3655-handmixer/5-large.webp,/images/products/philips-hr3655-handmixer/6-thumb.webp,/images/products/philips-hr3655-handmixer/6-medium.webp,/images/products/philips-hr3655-handmixer/6-large.webp,/images/products/philips-hr3655-handmixer/7-thumb.webp,/images/products/philips-hr3655-handmixer/7-medium.webp,/images/products/philips-hr3655-handmixer/7-large.webp
smeg-hmf01-handmixer|/images/products/smeg-hmf01-handmixer/1-thumb.webp,/images/products/smeg-hmf01-handmixer/1-medium.webp,/images/products/smeg-hmf01-handmixer/1-large.webp,/images/products/smeg-hmf01-handmixer/2-thumb.webp,/images/products/smeg-hmf01-handmixer/2-medium.webp,/images/products/smeg-hmf01-handmixer/2-large.webp,/images/products/smeg-hmf01-handmixer/3-thumb.webp,/images/products/smeg-hmf01-handmixer/3-medium.webp,/images/products/smeg-hmf01-handmixer/3-large.webp,/images/products/smeg-hmf01-handmixer/4-thumb.webp,/images/products/smeg-hmf01-handmixer/4-medium.webp,/images/products/smeg-hmf01-handmixer/4-large.webp,/images/products/smeg-hmf01-handmixer/5-thumb.webp,/images/products/smeg-hmf01-handmixer/5-medium.webp,/images/products/smeg-hmf01-handmixer/5-large.webp,/images/products/smeg-hmf01-handmixer/6-thumb.webp,/images/products/smeg-hmf01-handmixer/6-medium.webp,/images/products/smeg-hmf01-handmixer/6-large.webp,/images/products/smeg-hmf01-handmixer/7-thumb.webp,/images/products/smeg-hmf01-handmixer/7-medium.webp,/images/products/smeg-hmf01-handmixer/7-large.webp
smeg-50er-jahre-hmf02-handmixer|/images/products/smeg-50er-jahre-hmf02-handmixer/1-thumb.webp,/images/products/smeg-50er-jahre-hmf02-handmixer/1-medium.webp,/images/products/smeg-50er-jahre-hmf02-handmixer/1-large.webp,/images/products/smeg-50er-jahre-hmf02-handmixer/2-thumb.webp,/images/products/smeg-50er-jahre-hmf02-handmixer/2-medium.webp,/images/products/smeg-50er-jahre-hmf02-handmixer/2-large.webp,/images/products/smeg-50er-jahre-hmf02-handmixer/3-thumb.webp,/images/products/smeg-50er-jahre-hmf02-handmixer/3-medium.webp,/images/products/smeg-50er-jahre-hmf02-handmixer/3-large.webp,/images/products/smeg-50er-jahre-hmf02-handmixer/4-thumb.webp,/images/products/smeg-50er-jahre-hmf02-handmixer/4-medium.webp,/images/products/smeg-50er-jahre-hmf02-handmixer/4-large.webp,/images/products/smeg-50er-jahre-hmf02-handmixer/5-thumb.webp,/images/products/smeg-50er-jahre-hmf02-handmixer/5-medium.webp,/images/products/smeg-50er-jahre-hmf02-handmixer/5-large.webp,/images/products/smeg-50er-jahre-hmf02-handmixer/6-thumb.webp,/images/products/smeg-50er-jahre-hmf02-handmixer/6-medium.webp,/images/products/smeg-50er-jahre-hmf02-handmixer/6-large.webp
russell-hobbs-eagle-23211-handmixer|/images/products/russell-hobbs-eagle-23211-handmixer/1-thumb.webp,/images/products/russell-hobbs-eagle-23211-handmixer/1-medium.webp,/images/products/russell-hobbs-eagle-23211-handmixer/1-large.webp,/images/products/russell-hobbs-eagle-23211-handmixer/2-thumb.webp,/images/products/russell-hobbs-eagle-23211-handmixer/2-medium.webp,/images/products/russell-hobbs-eagle-23211-handmixer/2-large.webp,/images/products/russell-hobbs-eagle-23211-handmixer/3-thumb.webp,/images/products/russell-hobbs-eagle-23211-handmixer/3-medium.webp,/images/products/russell-hobbs-eagle-23211-handmixer/3-large.webp,/images/products/russell-hobbs-eagle-23211-handmixer/4-thumb.webp,/images/products/russell-hobbs-eagle-23211-handmixer/4-medium.webp,/images/products/russell-hobbs-eagle-23211-handmixer/4-large.webp,/images/products/russell-hobbs-eagle-23211-handmixer/5-thumb.webp,/images/products/russell-hobbs-eagle-23211-handmixer/5-medium.webp,/images/products/russell-hobbs-eagle-23211-handmixer/5-large.webp
moulinex-optichef-ht4101-handmixer|/images/products/moulinex-optichef-ht4101-handmixer/1-thumb.webp,/images/products/moulinex-optichef-ht4101-handmixer/1-medium.webp,/images/products/moulinex-optichef-ht4101-handmixer/1-large.webp,/images/products/moulinex-optichef-ht4101-handmixer/2-thumb.webp,/images/products/moulinex-optichef-ht4101-handmixer/2-medium.webp,/images/products/moulinex-optichef-ht4101-handmixer/2-large.webp,/images/products/moulinex-optichef-ht4101-handmixer/3-thumb.webp,/images/products/moulinex-optichef-ht4101-handmixer/3-medium.webp,/images/products/moulinex-optichef-ht4101-handmixer/3-large.webp,/images/products/moulinex-optichef-ht4101-handmixer/4-thumb.webp,/images/products/moulinex-optichef-ht4101-handmixer/4-medium.webp,/images/products/moulinex-optichef-ht4101-handmixer/4-large.webp,/images/products/moulinex-optichef-ht4101-handmixer/5-thumb.webp,/images/products/moulinex-optichef-ht4101-handmixer/5-medium.webp,/images/products/moulinex-optichef-ht4101-handmixer/5-large.webp
tefal-optichef-ht4508-handmixer|/images/products/tefal-optichef-ht4508-handmixer/1-thumb.webp,/images/products/tefal-optichef-ht4508-handmixer/1-medium.webp,/images/products/tefal-optichef-ht4508-handmixer/1-large.webp,/images/products/tefal-optichef-ht4508-handmixer/2-thumb.webp,/images/products/tefal-optichef-ht4508-handmixer/2-medium.webp,/images/products/tefal-optichef-ht4508-handmixer/2-large.webp,/images/products/tefal-optichef-ht4508-handmixer/3-thumb.webp,/images/products/tefal-optichef-ht4508-handmixer/3-medium.webp,/images/products/tefal-optichef-ht4508-handmixer/3-large.webp,/images/products/tefal-optichef-ht4508-handmixer/4-thumb.webp,/images/products/tefal-optichef-ht4508-handmixer/4-medium.webp,/images/products/tefal-optichef-ht4508-handmixer/4-large.webp
black-decker-600w-handmixer|/images/products/black-decker-600w-handmixer/1-thumb.webp,/images/products/black-decker-600w-handmixer/1-medium.webp,/images/products/black-decker-600w-handmixer/1-large.webp,/images/products/black-decker-600w-handmixer/2-thumb.webp,/images/products/black-decker-600w-handmixer/2-medium.webp,/images/products/black-decker-600w-handmixer/2-large.webp,/images/products/black-decker-600w-handmixer/3-thumb.webp,/images/products/black-decker-600w-handmixer/3-medium.webp,/images/products/black-decker-600w-handmixer/3-large.webp,/images/products/black-decker-600w-handmixer/4-thumb.webp,/images/products/black-decker-600w-handmixer/4-medium.webp,/images/products/black-decker-600w-handmixer/4-large.webp
kitchenaid-artisan-5khb25ay-handmixer|/images/products/kitchenaid-artisan-5khb25ay-handmixer/1-thumb.webp,/images/products/kitchenaid-artisan-5khb25ay-handmixer/1-medium.webp,/images/products/kitchenaid-artisan-5khb25ay-handmixer/1-large.webp,/images/products/kitchenaid-artisan-5khb25ay-handmixer/2-thumb.webp,/images/products/kitchenaid-artisan-5khb25ay-handmixer/2-medium.webp,/images/products/kitchenaid-artisan-5khb25ay-handmixer/2-large.webp,/images/products/kitchenaid-artisan-5khb25ay-handmixer/3-thumb.webp,/images/products/kitchenaid-artisan-5khb25ay-handmixer/3-medium.webp,/images/products/kitchenaid-artisan-5khb25ay-handmixer/3-large.webp,/images/products/kitchenaid-artisan-5khb25ay-handmixer/4-thumb.webp,/images/products/kitchenaid-artisan-5khb25ay-handmixer/4-medium.webp,/images/products/kitchenaid-artisan-5khb25ay-handmixer/4-large.webp
bosch-mums2ew48-kuechenmaschine|/images/products/bosch-mums2ew48-kuechenmaschine/1-thumb.webp,/images/products/bosch-mums2ew48-kuechenmaschine/1-medium.webp,/images/products/bosch-mums2ew48-kuechenmaschine/1-large.webp,/images/products/bosch-mums2ew48-kuechenmaschine/2-thumb.webp,/images/products/bosch-mums2ew48-kuechenmaschine/2-medium.webp,/images/products/bosch-mums2ew48-kuechenmaschine/2-large.webp,/images/products/bosch-mums2ew48-kuechenmaschine/3-thumb.webp,/images/products/bosch-mums2ew48-kuechenmaschine/3-medium.webp,/images/products/bosch-mums2ew48-kuechenmaschine/3-large.webp,/images/products/bosch-mums2ew48-kuechenmaschine/4-thumb.webp,/images/products/bosch-mums2ew48-kuechenmaschine/4-medium.webp,/images/products/bosch-mums2ew48-kuechenmaschine/4-large.webp
moulinex-quickmix-654-handmixer|/images/products/moulinex-quickmix-654-handmixer/1-thumb.webp,/images/products/moulinex-quickmix-654-handmixer/1-medium.webp,/images/products/moulinex-quickmix-654-handmixer/1-large.webp,/images/products/moulinex-quickmix-654-handmixer/2-thumb.webp,/images/products/moulinex-quickmix-654-handmixer/2-medium.webp,/images/products/moulinex-quickmix-654-handmixer/2-large.webp,/images/products/moulinex-quickmix-654-handmixer/3-thumb.webp,/images/products/moulinex-quickmix-654-handmixer/3-medium.webp,/images/products/moulinex-quickmix-654-handmixer/3-large.webp,/images/products/moulinex-quickmix-654-handmixer/4-thumb.webp,/images/products/moulinex-quickmix-654-handmixer/4-medium.webp,/images/products/moulinex-quickmix-654-handmixer/4-large.webp
kenwood-hm430-handmixer|/images/products/kenwood-hm430-handmixer/1-thumb.webp,/images/products/kenwood-hm430-handmixer/1-medium.webp,/images/products/kenwood-hm430-handmixer/1-large.webp,/images/products/kenwood-hm430-handmixer/2-thumb.webp,/images/products/kenwood-hm430-handmixer/2-medium.webp,/images/products/kenwood-hm430-handmixer/2-large.webp,/images/products/kenwood-hm430-handmixer/3-thumb.webp,/images/products/kenwood-hm430-handmixer/3-medium.webp,/images/products/kenwood-hm430-handmixer/3-large.webp,/images/products/kenwood-hm430-handmixer/4-thumb.webp,/images/products/kenwood-hm430-handmixer/4-medium.webp,/images/products/kenwood-hm430-handmixer/4-large.webp,/images/products/kenwood-hm430-handmixer/5-thumb.webp,/images/products/kenwood-hm430-handmixer/5-medium.webp,/images/products/kenwood-hm430-handmixer/5-large.webp
jura-e4-platinum|/images/products/jura-e4-platinum/1-thumb.webp,/images/products/jura-e4-platinum/1-medium.webp,/images/products/jura-e4-platinum/1-large.webp,/images/products/jura-e4-platinum/2-thumb.webp,/images/products/jura-e4-platinum/2-medium.webp,/images/products/jura-e4-platinum/2-large.webp,/images/products/jura-e4-platinum/3-thumb.webp,/images/products/jura-e4-platinum/3-medium.webp,/images/products/jura-e4-platinum/3-large.webp,/images/products/jura-e4-platinum/4-thumb.webp,/images/products/jura-e4-platinum/4-medium.webp,/images/products/jura-e4-platinum/4-large.webp
jura-s8-chrome|/images/products/jura-s8-chrome/1-thumb.webp,/images/products/jura-s8-chrome/1-medium.webp,/images/products/jura-s8-chrome/1-large.webp,/images/products/jura-s8-chrome/2-thumb.webp,/images/products/jura-s8-chrome/2-medium.webp,/images/products/jura-s8-chrome/2-large.webp,/images/products/jura-s8-chrome/3-thumb.webp,/images/products/jura-s8-chrome/3-medium.webp,/images/products/jura-s8-chrome/3-large.webp
jura-d6-dark-inox|/images/products/jura-d6-dark-inox/1-thumb.webp,/images/products/jura-d6-dark-inox/1-medium.webp,/images/products/jura-d6-dark-inox/1-large.webp,/images/products/jura-d6-dark-inox/2-thumb.webp,/images/products/jura-d6-dark-inox/2-medium.webp,/images/products/jura-d6-dark-inox/2-large.webp,/images/products/jura-d6-dark-inox/3-thumb.webp,/images/products/jura-d6-dark-inox/3-medium.webp,/images/products/jura-d6-dark-inox/3-large.webp
delonghi-magnifica-evo-ecam29233|/images/products/delonghi-magnifica-evo-ecam29233/1-thumb.webp,/images/products/delonghi-magnifica-evo-ecam29233/1-medium.webp,/images/products/delonghi-magnifica-evo-ecam29233/1-large.webp,/images/products/delonghi-magnifica-evo-ecam29233/2-thumb.webp,/images/products/delonghi-magnifica-evo-ecam29233/2-medium.webp,/images/products/delonghi-magnifica-evo-ecam29233/2-large.webp
delonghi-dinamica-ecam35055|/images/products/delonghi-dinamica-ecam35055/1-thumb.webp,/images/products/delonghi-dinamica-ecam35055/1-medium.webp,/images/products/delonghi-dinamica-ecam35055/1-large.webp,/images/products/delonghi-dinamica-ecam35055/2-thumb.webp,/images/products/delonghi-dinamica-ecam35055/2-medium.webp,/images/products/delonghi-dinamica-ecam35055/2-large.webp,/images/products/delonghi-dinamica-ecam35055/3-thumb.webp,/images/products/delonghi-dinamica-ecam35055/3-medium.webp,/images/products/delonghi-dinamica-ecam35055/3-large.webp,/images/products/delonghi-dinamica-ecam35055/4-thumb.webp,/images/products/delonghi-dinamica-ecam35055/4-medium.webp,/images/products/delonghi-dinamica-ecam35055/4-large.webp
delonghi-primadonna-soul-ecam61075|/images/products/delonghi-primadonna-soul-ecam61075/1-thumb.webp,/images/products/delonghi-primadonna-soul-ecam61075/1-medium.webp,/images/products/delonghi-primadonna-soul-ecam61075/1-large.webp,/images/products/delonghi-primadonna-soul-ecam61075/2-thumb.webp,/images/products/delonghi-primadonna-soul-ecam61075/2-medium.webp,/images/products/delonghi-primadonna-soul-ecam61075/2-large.webp
siemens-eq9-plus-s700|/images/products/siemens-eq9-plus-s700/1-thumb.webp,/images/products/siemens-eq9-plus-s700/1-medium.webp,/images/products/siemens-eq9-plus-s700/1-large.webp,/images/products/siemens-eq9-plus-s700/2-thumb.webp,/images/products/siemens-eq9-plus-s700/2-medium.webp,/images/products/siemens-eq9-plus-s700/2-large.webp,/images/products/siemens-eq9-plus-s700/3-thumb.webp,/images/products/siemens-eq9-plus-s700/3-medium.webp,/images/products/siemens-eq9-plus-s700/3-large.webp
siemens-eq500-plus-s500|/images/products/siemens-eq500-plus-s500/1-thumb.webp,/images/products/siemens-eq500-plus-s500/1-medium.webp,/images/products/siemens-eq500-plus-s500/1-large.webp,/images/products/siemens-eq500-plus-s500/2-thumb.webp,/images/products/siemens-eq500-plus-s500/2-medium.webp,/images/products/siemens-eq500-plus-s500/2-large.webp,/images/products/siemens-eq500-plus-s500/3-thumb.webp,/images/products/siemens-eq500-plus-s500/3-medium.webp,/images/products/siemens-eq500-plus-s500/3-large.webp,/images/products/siemens-eq500-plus-s500/4-thumb.webp,/images/products/siemens-eq500-plus-s500/4-medium.webp,/images/products/siemens-eq500-plus-s500/4-large.webp
siemens-eq300-s300|/images/products/siemens-eq300-s300/1-thumb.webp,/images/products/siemens-eq300-s300/1-medium.webp,/images/products/siemens-eq300-s300/1-large.webp
saeco-xelsis-sm8780|/images/products/saeco-xelsis-sm8780/1-thumb.webp,/images/products/saeco-xelsis-sm8780/1-medium.webp,/images/products/saeco-xelsis-sm8780/1-large.webp,/images/products/saeco-xelsis-sm8780/2-thumb.webp,/images/products/saeco-xelsis-sm8780/2-medium.webp,/images/products/saeco-xelsis-sm8780/2-large.webp
saeco-granarista-sm5580|/images/products/saeco-granarista-sm5580/1-thumb.webp,/images/products/saeco-granarista-sm5580/1-medium.webp,/images/products/saeco-granarista-sm5580/1-large.webp,/images/products/saeco-granarista-sm5580/2-thumb.webp,/images/products/saeco-granarista-sm5580/2-medium.webp,/images/products/saeco-granarista-sm5580/2-large.webp
krups-virtuoso-xp442c10|/images/products/krups-virtuoso-xp442c10/1-thumb.webp,/images/products/krups-virtuoso-xp442c10/1-medium.webp,/images/products/krups-virtuoso-xp442c10/1-large.webp,/images/products/krups-virtuoso-xp442c10/2-thumb.webp,/images/products/krups-virtuoso-xp442c10/2-medium.webp,/images/products/krups-virtuoso-xp442c10/2-large.webp
krups-evidence-plus-ea894c|/images/products/krups-evidence-plus-ea894c/1-thumb.webp,/images/products/krups-evidence-plus-ea894c/1-medium.webp,/images/products/krups-evidence-plus-ea894c/1-large.webp,/images/products/krups-evidence-plus-ea894c/2-thumb.webp,/images/products/krups-evidence-plus-ea894c/2-medium.webp,/images/products/krups-evidence-plus-ea894c/2-large.webp
tchibo-barista-bean-to-cup|/images/products/tchibo-barista-bean-to-cup/1-thumb.webp,/images/products/tchibo-barista-bean-to-cup/1-medium.webp,/images/products/tchibo-barista-bean-to-cup/1-large.webp,/images/products/tchibo-barista-bean-to-cup/2-thumb.webp,/images/products/tchibo-barista-bean-to-cup/2-medium.webp,/images/products/tchibo-barista-bean-to-cup/2-large.webp
tchibo-privilegio-bean-to-cup|/images/products/tchibo-privilegio-bean-to-cup/1-thumb.webp,/images/products/tchibo-privilegio-bean-to-cup/1-medium.webp,/images/products/tchibo-privilegio-bean-to-cup/1-large.webp,/images/products/tchibo-privilegio-bean-to-cup/2-thumb.webp,/images/products/tchibo-privilegio-bean-to-cup/2-medium.webp,/images/products/tchibo-privilegio-bean-to-cup/2-large.webp
melitta-purista-pure-black-neu|/images/products/melitta-purista-pure-black-neu/1-thumb.webp,/images/products/melitta-purista-pure-black-neu/1-medium.webp,/images/products/melitta-purista-pure-black-neu/1-large.webp,/images/products/melitta-purista-pure-black-neu/2-thumb.webp,/images/products/melitta-purista-pure-black-neu/2-medium.webp,/images/products/melitta-purista-pure-black-neu/2-large.webp,/images/products/melitta-purista-pure-black-neu/3-thumb.webp,/images/products/melitta-purista-pure-black-neu/3-medium.webp,/images/products/melitta-purista-pure-black-neu/3-large.webp,/images/products/melitta-purista-pure-black-neu/4-thumb.webp,/images/products/melitta-purista-pure-black-neu/4-medium.webp,/images/products/melitta-purista-pure-black-neu/4-large.webp
melitta-look-v-style-perfekt|/images/products/melitta-look-v-style-perfekt/1-thumb.webp,/images/products/melitta-look-v-style-perfekt/1-medium.webp,/images/products/melitta-look-v-style-perfekt/1-large.webp,/images/products/melitta-look-v-style-perfekt/2-thumb.webp,/images/products/melitta-look-v-style-perfekt/2-medium.webp,/images/products/melitta-look-v-style-perfekt/2-large.webp
melitta-enjoy-5-purge|/images/products/melitta-enjoy-5-purge/1-thumb.webp,/images/products/melitta-enjoy-5-purge/1-medium.webp,/images/products/melitta-enjoy-5-purge/1-large.webp,/images/products/melitta-enjoy-5-purge/2-thumb.webp,/images/products/melitta-enjoy-5-purge/2-medium.webp,/images/products/melitta-enjoy-5-purge/2-large.webp,/images/products/melitta-enjoy-5-purge/3-thumb.webp,/images/products/melitta-enjoy-5-purge/3-medium.webp,/images/products/melitta-enjoy-5-purge/3-large.webp
breville-barista-express|/images/products/breville-barista-express/1-thumb.webp,/images/products/breville-barista-express/1-medium.webp,/images/products/breville-barista-express/1-large.webp,/images/products/breville-barista-express/2-thumb.webp,/images/products/breville-barista-express/2-medium.webp,/images/products/breville-barista-express/2-large.webp,/images/products/breville-barista-express/3-thumb.webp,/images/products/breville-barista-express/3-medium.webp,/images/products/breville-barista-express/3-large.webp,/images/products/breville-barista-express/4-thumb.webp,/images/products/breville-barista-express/4-medium.webp,/images/products/breville-barista-express/4-large.webp
breville-barista-touch|/images/products/breville-barista-touch/1-thumb.webp,/images/products/breville-barista-touch/1-medium.webp,/images/products/breville-barista-touch/1-large.webp,/images/products/breville-barista-touch/2-thumb.webp,/images/products/breville-barista-touch/2-medium.webp,/images/products/breville-barista-touch/2-large.webp,/images/products/breville-barista-touch/3-thumb.webp,/images/products/breville-barista-touch/3-medium.webp,/images/products/breville-barista-touch/3-large.webp,/images/products/breville-barista-touch/4-thumb.webp,/images/products/breville-barista-touch/4-medium.webp,/images/products/breville-barista-touch/4-large.webp
sage-barista-express-impress|/images/products/sage-barista-express-impress/1-thumb.webp,/images/products/sage-barista-express-impress/1-medium.webp,/images/products/sage-barista-express-impress/1-large.webp,/images/products/sage-barista-express-impress/2-thumb.webp,/images/products/sage-barista-express-impress/2-medium.webp,/images/products/sage-barista-express-impress/2-large.webp,/images/products/sage-barista-express-impress/3-thumb.webp,/images/products/sage-barista-express-impress/3-medium.webp,/images/products/sage-barista-express-impress/3-large.webp,/images/products/sage-barista-express-impress/4-thumb.webp,/images/products/sage-barista-express-impress/4-medium.webp,/images/products/sage-barista-express-impress/4-large.webp
sage-the-oracle-touch|/images/products/sage-the-oracle-touch/1-thumb.webp,/images/products/sage-the-oracle-touch/1-medium.webp,/images/products/sage-the-oracle-touch/1-large.webp,/images/products/sage-the-oracle-touch/2-thumb.webp,/images/products/sage-the-oracle-touch/2-medium.webp,/images/products/sage-the-oracle-touch/2-large.webp,/images/products/sage-the-oracle-touch/3-thumb.webp,/images/products/sage-the-oracle-touch/3-medium.webp,/images/products/sage-the-oracle-touch/3-large.webp,/images/products/sage-the-oracle-touch/4-thumb.webp,/images/products/sage-the-oracle-touch/4-medium.webp,/images/products/sage-the-oracle-touch/4-large.webp
sage-the-dual-boiler|/images/products/sage-the-dual-boiler/1-thumb.webp,/images/products/sage-the-dual-boiler/1-medium.webp,/images/products/sage-the-dual-boiler/1-large.webp,/images/products/sage-the-dual-boiler/2-thumb.webp,/images/products/sage-the-dual-boiler/2-medium.webp,/images/products/sage-the-dual-boiler/2-large.webp,/images/products/sage-the-dual-boiler/3-thumb.webp,/images/products/sage-the-dual-boiler/3-medium.webp,/images/products/sage-the-dual-boiler/3-large.webp,/images/products/sage-the-dual-boiler/4-thumb.webp,/images/products/sage-the-dual-boiler/4-medium.webp,/images/products/sage-the-dual-boiler/4-large.webp
gastroback-design-espresso-42603|/images/products/gastroback-design-espresso-42603/1-thumb.webp,/images/products/gastroback-design-espresso-42603/1-medium.webp,/images/products/gastroback-design-espresso-42603/1-large.webp,/images/products/gastroback-design-espresso-42603/2-thumb.webp,/images/products/gastroback-design-espresso-42603/2-medium.webp,/images/products/gastroback-design-espresso-42603/2-large.webp,/images/products/gastroback-design-espresso-42603/3-thumb.webp,/images/products/gastroback-design-espresso-42603/3-medium.webp,/images/products/gastroback-design-espresso-42603/3-large.webp
gastroback-advanced-espresso-42602|/images/products/gastroback-advanced-espresso-42602/1-thumb.webp,/images/products/gastroback-advanced-espresso-42602/1-medium.webp,/images/products/gastroback-advanced-espresso-42602/1-large.webp,/images/products/gastroback-advanced-espresso-42602/2-thumb.webp,/images/products/gastroback-advanced-espresso-42602/2-medium.webp,/images/products/gastroback-advanced-espresso-42602/2-large.webp
nespresso-lattissima-touch-en560|/images/products/nespresso-lattissima-touch-en560/1-thumb.webp,/images/products/nespresso-lattissima-touch-en560/1-medium.webp,/images/products/nespresso-lattissima-touch-en560/1-large.webp,/images/products/nespresso-lattissima-touch-en560/2-thumb.webp,/images/products/nespresso-lattissima-touch-en560/2-medium.webp,/images/products/nespresso-lattissima-touch-en560/2-large.webp,/images/products/nespresso-lattissima-touch-en560/3-thumb.webp,/images/products/nespresso-lattissima-touch-en560/3-medium.webp,/images/products/nespresso-lattissima-touch-en560/3-large.webp,/images/products/nespresso-lattissima-touch-en560/4-thumb.webp,/images/products/nespresso-lattissima-touch-en560/4-medium.webp,/images/products/nespresso-lattissima-touch-en560/4-large.webp
nespresso-essenza-mini-d50|/images/products/nespresso-essenza-mini-d50/1-thumb.webp,/images/products/nespresso-essenza-mini-d50/1-medium.webp,/images/products/nespresso-essenza-mini-d50/1-large.webp,/images/products/nespresso-essenza-mini-d50/2-thumb.webp,/images/products/nespresso-essenza-mini-d50/2-medium.webp,/images/products/nespresso-essenza-mini-d50/2-large.webp,/images/products/nespresso-essenza-mini-d50/3-thumb.webp,/images/products/nespresso-essenza-mini-d50/3-medium.webp,/images/products/nespresso-essenza-mini-d50/3-large.webp,/images/products/nespresso-essenza-mini-d50/4-thumb.webp,/images/products/nespresso-essenza-mini-d50/4-medium.webp,/images/products/nespresso-essenza-mini-d50/4-large.webp
nespresso-vertuo-next|/images/products/nespresso-vertuo-next/1-thumb.webp,/images/products/nespresso-vertuo-next/1-medium.webp,/images/products/nespresso-vertuo-next/1-large.webp,/images/products/nespresso-vertuo-next/2-thumb.webp,/images/products/nespresso-vertuo-next/2-medium.webp,/images/products/nespresso-vertuo-next/2-large.webp
nespresso-vertuo-pop|/images/products/nespresso-vertuo-pop/1-thumb.webp,/images/products/nespresso-vertuo-pop/1-medium.webp,/images/products/nespresso-vertuo-pop/1-large.webp,/images/products/nespresso-vertuo-pop/2-thumb.webp,/images/products/nespresso-vertuo-pop/2-medium.webp,/images/products/nespresso-vertuo-pop/2-large.webp,/images/products/nespresso-vertuo-pop/3-thumb.webp,/images/products/nespresso-vertuo-pop/3-medium.webp,/images/products/nespresso-vertuo-pop/3-large.webp,/images/products/nespresso-vertuo-pop/4-thumb.webp,/images/products/nespresso-vertuo-pop/4-medium.webp,/images/products/nespresso-vertuo-pop/4-large.webp
nespresso-citiz-en895|/images/products/nespresso-citiz-en895/1-thumb.webp,/images/products/nespresso-citiz-en895/1-medium.webp,/images/products/nespresso-citiz-en895/1-large.webp,/images/products/nespresso-citiz-en895/2-thumb.webp,/images/products/nespresso-citiz-en895/2-medium.webp,/images/products/nespresso-citiz-en895/2-large.webp,/images/products/nespresso-citiz-en895/3-thumb.webp,/images/products/nespresso-citiz-en895/3-medium.webp,/images/products/nespresso-citiz-en895/3-large.webp,/images/products/nespresso-citiz-en895/4-thumb.webp,/images/products/nespresso-citiz-en895/4-medium.webp,/images/products/nespresso-citiz-en895/4-large.webp
lavazza-a-modo-mio-jl01|/images/products/lavazza-a-modo-mio-jl01/1-thumb.webp,/images/products/lavazza-a-modo-mio-jl01/1-medium.webp,/images/products/lavazza-a-modo-mio-jl01/1-large.webp,/images/products/lavazza-a-modo-mio-jl01/2-thumb.webp,/images/products/lavazza-a-modo-mio-jl01/2-medium.webp,/images/products/lavazza-a-modo-mio-jl01/2-large.webp,/images/products/lavazza-a-modo-mio-jl01/3-thumb.webp,/images/products/lavazza-a-modo-mio-jl01/3-medium.webp,/images/products/lavazza-a-modo-mio-jl01/3-large.webp,/images/products/lavazza-a-modo-mio-jl01/4-thumb.webp,/images/products/lavazza-a-modo-mio-jl01/4-medium.webp,/images/products/lavazza-a-modo-mio-jl01/4-large.webp
lavazza-idola-clt2020|/images/products/lavazza-idola-clt2020/1-thumb.webp,/images/products/lavazza-idola-clt2020/1-medium.webp,/images/products/lavazza-idola-clt2020/1-large.webp,/images/products/lavazza-idola-clt2020/2-thumb.webp,/images/products/lavazza-idola-clt2020/2-medium.webp,/images/products/lavazza-idola-clt2020/2-large.webp
dyson-v12-detect-slim|/images/products/dyson-v12-detect-slim/1-thumb.webp,/images/products/dyson-v12-detect-slim/1-medium.webp,/images/products/dyson-v12-detect-slim/1-large.webp,/images/products/dyson-v12-detect-slim/2-thumb.webp,/images/products/dyson-v12-detect-slim/2-medium.webp,/images/products/dyson-v12-detect-slim/2-large.webp,/images/products/dyson-v12-detect-slim/3-thumb.webp,/images/products/dyson-v12-detect-slim/3-medium.webp,/images/products/dyson-v12-detect-slim/3-large.webp,/images/products/dyson-v12-detect-slim/4-thumb.webp,/images/products/dyson-v12-detect-slim/4-medium.webp,/images/products/dyson-v12-detect-slim/4-large.webp
dyson-v8-absolute|/images/products/dyson-v8-absolute/1-thumb.webp,/images/products/dyson-v8-absolute/1-medium.webp,/images/products/dyson-v8-absolute/1-large.webp,/images/products/dyson-v8-absolute/2-thumb.webp,/images/products/dyson-v8-absolute/2-medium.webp,/images/products/dyson-v8-absolute/2-large.webp,/images/products/dyson-v8-absolute/3-thumb.webp,/images/products/dyson-v8-absolute/3-medium.webp,/images/products/dyson-v8-absolute/3-large.webp,/images/products/dyson-v8-absolute/4-thumb.webp,/images/products/dyson-v8-absolute/4-medium.webp,/images/products/dyson-v8-absolute/4-large.webp
roborock-s8-maxv-ultra|/images/products/roborock-s8-maxv-ultra/1-thumb.webp,/images/products/roborock-s8-maxv-ultra/1-medium.webp,/images/products/roborock-s8-maxv-ultra/1-large.webp,/images/products/roborock-s8-maxv-ultra/2-thumb.webp,/images/products/roborock-s8-maxv-ultra/2-medium.webp,/images/products/roborock-s8-maxv-ultra/2-large.webp,/images/products/roborock-s8-maxv-ultra/3-thumb.webp,/images/products/roborock-s8-maxv-ultra/3-medium.webp,/images/products/roborock-s8-maxv-ultra/3-large.webp,/images/products/roborock-s8-maxv-ultra/4-thumb.webp,/images/products/roborock-s8-maxv-ultra/4-medium.webp,/images/products/roborock-s8-maxv-ultra/4-large.webp
roborock-q8-max-plus|/images/products/roborock-q8-max-plus/1-thumb.webp,/images/products/roborock-q8-max-plus/1-medium.webp,/images/products/roborock-q8-max-plus/1-large.webp,/images/products/roborock-q8-max-plus/2-thumb.webp,/images/products/roborock-q8-max-plus/2-medium.webp,/images/products/roborock-q8-max-plus/2-large.webp,/images/products/roborock-q8-max-plus/3-thumb.webp,/images/products/roborock-q8-max-plus/3-medium.webp,/images/products/roborock-q8-max-plus/3-large.webp,/images/products/roborock-q8-max-plus/4-thumb.webp,/images/products/roborock-q8-max-plus/4-medium.webp,/images/products/roborock-q8-max-plus/4-large.webp
irobot-roomba-j9-plus|/images/products/irobot-roomba-j9-plus/1-thumb.webp,/images/products/irobot-roomba-j9-plus/1-medium.webp,/images/products/irobot-roomba-j9-plus/1-large.webp,/images/products/irobot-roomba-j9-plus/2-thumb.webp,/images/products/irobot-roomba-j9-plus/2-medium.webp,/images/products/irobot-roomba-j9-plus/2-large.webp,/images/products/irobot-roomba-j9-plus/3-thumb.webp,/images/products/irobot-roomba-j9-plus/3-medium.webp,/images/products/irobot-roomba-j9-plus/3-large.webp,/images/products/irobot-roomba-j9-plus/4-thumb.webp,/images/products/irobot-roomba-j9-plus/4-medium.webp,/images/products/irobot-roomba-j9-plus/4-large.webp
irobot-roomba-combo-j5-plus|/images/products/irobot-roomba-combo-j5-plus/1-thumb.webp,/images/products/irobot-roomba-combo-j5-plus/1-medium.webp,/images/products/irobot-roomba-combo-j5-plus/1-large.webp,/images/products/irobot-roomba-combo-j5-plus/2-thumb.webp,/images/products/irobot-roomba-combo-j5-plus/2-medium.webp,/images/products/irobot-roomba-combo-j5-plus/2-large.webp
xiaomi-robot-vacuum-x10-plus|/images/products/xiaomi-robot-vacuum-x10-plus/1-thumb.webp,/images/products/xiaomi-robot-vacuum-x10-plus/1-medium.webp,/images/products/xiaomi-robot-vacuum-x10-plus/1-large.webp,/images/products/xiaomi-robot-vacuum-x10-plus/2-thumb.webp,/images/products/xiaomi-robot-vacuum-x10-plus/2-medium.webp,/images/products/xiaomi-robot-vacuum-x10-plus/2-large.webp,/images/products/xiaomi-robot-vacuum-x10-plus/3-thumb.webp,/images/products/xiaomi-robot-vacuum-x10-plus/3-medium.webp,/images/products/xiaomi-robot-vacuum-x10-plus/3-large.webp,/images/products/xiaomi-robot-vacuum-x10-plus/4-thumb.webp,/images/products/xiaomi-robot-vacuum-x10-plus/4-medium.webp,/images/products/xiaomi-robot-vacuum-x10-plus/4-large.webp
xiaomi-roborock-pro|/images/products/xiaomi-roborock-pro/1-thumb.webp,/images/products/xiaomi-roborock-pro/1-medium.webp,/images/products/xiaomi-roborock-pro/1-large.webp,/images/products/xiaomi-roborock-pro/2-thumb.webp,/images/products/xiaomi-roborock-pro/2-medium.webp,/images/products/xiaomi-roborock-pro/2-large.webp,/images/products/xiaomi-roborock-pro/3-thumb.webp,/images/products/xiaomi-roborock-pro/3-medium.webp,/images/products/xiaomi-roborock-pro/3-large.webp,/images/products/xiaomi-roborock-pro/4-thumb.webp,/images/products/xiaomi-roborock-pro/4-medium.webp,/images/products/xiaomi-roborock-pro/4-large.webp
samsung-jet-bot-ai-plus-vr50t9990|/images/products/samsung-jet-bot-ai-plus-vr50t9990/1-thumb.webp,/images/products/samsung-jet-bot-ai-plus-vr50t9990/1-medium.webp,/images/products/samsung-jet-bot-ai-plus-vr50t9990/1-large.webp,/images/products/samsung-jet-bot-ai-plus-vr50t9990/2-thumb.webp,/images/products/samsung-jet-bot-ai-plus-vr50t9990/2-medium.webp,/images/products/samsung-jet-bot-ai-plus-vr50t9990/2-large.webp
lg-cordzero-a9-kompressor|/images/products/lg-cordzero-a9-kompressor/1-thumb.webp,/images/products/lg-cordzero-a9-kompressor/1-medium.webp,/images/products/lg-cordzero-a9-kompressor/1-large.webp,/images/products/lg-cordzero-a9-kompressor/2-thumb.webp,/images/products/lg-cordzero-a9-kompressor/2-medium.webp,/images/products/lg-cordzero-a9-kompressor/2-large.webp
lg-cordzero-thinq-r9|/images/products/lg-cordzero-thinq-r9/1-thumb.webp,/images/products/lg-cordzero-thinq-r9/1-medium.webp,/images/products/lg-cordzero-thinq-r9/1-large.webp,/images/products/lg-cordzero-thinq-r9/2-thumb.webp,/images/products/lg-cordzero-thinq-r9/2-medium.webp,/images/products/lg-cordzero-thinq-r9/2-large.webp
kaercher-vc5-cordless|/images/products/kaercher-vc5-cordless/1-thumb.webp,/images/products/kaercher-vc5-cordless/1-medium.webp,/images/products/kaercher-vc5-cordless/1-large.webp,/images/products/kaercher-vc5-cordless/2-thumb.webp,/images/products/kaercher-vc5-cordless/2-medium.webp,/images/products/kaercher-vc5-cordless/2-large.webp,/images/products/kaercher-vc5-cordless/3-thumb.webp,/images/products/kaercher-vc5-cordless/3-medium.webp,/images/products/kaercher-vc5-cordless/3-large.webp,/images/products/kaercher-vc5-cordless/4-thumb.webp,/images/products/kaercher-vc5-cordless/4-medium.webp,/images/products/kaercher-vc5-cordless/4-large.webp
kaercher-vc3-cordless|/images/products/kaercher-vc3-cordless/1-thumb.webp,/images/products/kaercher-vc3-cordless/1-medium.webp,/images/products/kaercher-vc3-cordless/1-large.webp,/images/products/kaercher-vc3-cordless/2-thumb.webp,/images/products/kaercher-vc3-cordless/2-medium.webp,/images/products/kaercher-vc3-cordless/2-large.webp,/images/products/kaercher-vc3-cordless/3-thumb.webp,/images/products/kaercher-vc3-cordless/3-medium.webp,/images/products/kaercher-vc3-cordless/3-large.webp,/images/products/kaercher-vc3-cordless/4-thumb.webp,/images/products/kaercher-vc3-cordless/4-medium.webp,/images/products/kaercher-vc3-cordless/4-large.webp
miele-triflex-hx2-pro|/images/products/miele-triflex-hx2-pro/1-thumb.webp,/images/products/miele-triflex-hx2-pro/1-medium.webp,/images/products/miele-triflex-hx2-pro/1-large.webp,/images/products/miele-triflex-hx2-pro/2-thumb.webp,/images/products/miele-triflex-hx2-pro/2-medium.webp,/images/products/miele-triflex-hx2-pro/2-large.webp,/images/products/miele-triflex-hx2-pro/3-thumb.webp,/images/products/miele-triflex-hx2-pro/3-medium.webp,/images/products/miele-triflex-hx2-pro/3-large.webp,/images/products/miele-triflex-hx2-pro/4-thumb.webp,/images/products/miele-triflex-hx2-pro/4-medium.webp,/images/products/miele-triflex-hx2-pro/4-large.webp
miele-scout-rx3-home-vision|/images/products/miele-scout-rx3-home-vision/1-thumb.webp,/images/products/miele-scout-rx3-home-vision/1-medium.webp,/images/products/miele-scout-rx3-home-vision/1-large.webp,/images/products/miele-scout-rx3-home-vision/2-thumb.webp,/images/products/miele-scout-rx3-home-vision/2-medium.webp,/images/products/miele-scout-rx3-home-vision/2-large.webp,/images/products/miele-scout-rx3-home-vision/3-thumb.webp,/images/products/miele-scout-rx3-home-vision/3-medium.webp,/images/products/miele-scout-rx3-home-vision/3-large.webp,/images/products/miele-scout-rx3-home-vision/4-thumb.webp,/images/products/miele-scout-rx3-home-vision/4-medium.webp,/images/products/miele-scout-rx3-home-vision/4-large.webp
philips-8000-series-led|/images/products/philips-8000-series-led/1-thumb.webp,/images/products/philips-8000-series-led/1-medium.webp,/images/products/philips-8000-series-led/1-large.webp,/images/products/philips-8000-series-led/2-thumb.webp,/images/products/philips-8000-series-led/2-medium.webp,/images/products/philips-8000-series-led/2-large.webp
philips-powerproactive|/images/products/philips-powerproactive/1-thumb.webp,/images/products/philips-powerproactive/1-medium.webp,/images/products/philips-powerproactive/1-large.webp,/images/products/philips-powerproactive/2-thumb.webp,/images/products/philips-powerproactive/2-medium.webp,/images/products/philips-powerproactive/2-large.webp,/images/products/philips-powerproactive/3-thumb.webp,/images/products/philips-powerproactive/3-medium.webp,/images/products/philips-powerproactive/3-large.webp
electrolux-800-animalcare|/images/products/electrolux-800-animalcare/1-thumb.webp,/images/products/electrolux-800-animalcare/1-medium.webp,/images/products/electrolux-800-animalcare/1-large.webp,/images/products/electrolux-800-animalcare/2-thumb.webp,/images/products/electrolux-800-animalcare/2-medium.webp,/images/products/electrolux-800-animalcare/2-large.webp,/images/products/electrolux-800-animalcare/3-thumb.webp,/images/products/electrolux-800-animalcare/3-medium.webp,/images/products/electrolux-800-animalcare/3-large.webp,/images/products/electrolux-800-animalcare/4-thumb.webp,/images/products/electrolux-800-animalcare/4-medium.webp,/images/products/electrolux-800-animalcare/4-large.webp
aeg-well-q7-animal|/images/products/aeg-well-q7-animal/1-thumb.webp,/images/products/aeg-well-q7-animal/1-medium.webp,/images/products/aeg-well-q7-animal/1-large.webp,/images/products/aeg-well-q7-animal/2-thumb.webp,/images/products/aeg-well-q7-animal/2-medium.webp,/images/products/aeg-well-q7-animal/2-large.webp,/images/products/aeg-well-q7-animal/3-thumb.webp,/images/products/aeg-well-q7-animal/3-medium.webp,/images/products/aeg-well-q7-animal/3-large.webp,/images/products/aeg-well-q7-animal/4-thumb.webp,/images/products/aeg-well-q7-animal/4-medium.webp,/images/products/aeg-well-q7-animal/4-large.webp
bosch-unlimited-serie8-bss81pob|/images/products/bosch-unlimited-serie8-bss81pob/1-thumb.webp,/images/products/bosch-unlimited-serie8-bss81pob/1-medium.webp,/images/products/bosch-unlimited-serie8-bss81pob/1-large.webp,/images/products/bosch-unlimited-serie8-bss81pob/2-thumb.webp,/images/products/bosch-unlimited-serie8-bss81pob/2-medium.webp,/images/products/bosch-unlimited-serie8-bss81pob/2-large.webp
bosch-serie6-bbh3d122|/images/products/bosch-serie6-bbh3d122/1-thumb.webp,/images/products/bosch-serie6-bbh3d122/1-medium.webp,/images/products/bosch-serie6-bbh3d122/1-large.webp,/images/products/bosch-serie6-bbh3d122/2-thumb.webp,/images/products/bosch-serie6-bbh3d122/2-medium.webp,/images/products/bosch-serie6-bbh3d122/2-large.webp
siemens-rs5-pro|/images/products/siemens-rs5-pro/1-thumb.webp,/images/products/siemens-rs5-pro/1-medium.webp,/images/products/siemens-rs5-pro/1-large.webp,/images/products/siemens-rs5-pro/2-thumb.webp,/images/products/siemens-rs5-pro/2-medium.webp,/images/products/siemens-rs5-pro/2-large.webp
samsung-bespoke-jet-complete|/images/products/samsung-bespoke-jet-complete/1-thumb.webp,/images/products/samsung-bespoke-jet-complete/1-medium.webp,/images/products/samsung-bespoke-jet-complete/1-large.webp,/images/products/samsung-bespoke-jet-complete/2-thumb.webp,/images/products/samsung-bespoke-jet-complete/2-medium.webp,/images/products/samsung-bespoke-jet-complete/2-large.webp,/images/products/samsung-bespoke-jet-complete/3-thumb.webp,/images/products/samsung-bespoke-jet-complete/3-medium.webp,/images/products/samsung-bespoke-jet-complete/3-large.webp,/images/products/samsung-bespoke-jet-complete/4-thumb.webp,/images/products/samsung-bespoke-jet-complete/4-medium.webp,/images/products/samsung-bespoke-jet-complete/4-large.webp
vorwerk-kobold-vk200-plus|/images/products/vorwerk-kobold-vk200-plus/1-thumb.webp,/images/products/vorwerk-kobold-vk200-plus/1-medium.webp,/images/products/vorwerk-kobold-vk200-plus/1-large.webp,/images/products/vorwerk-kobold-vk200-plus/2-thumb.webp,/images/products/vorwerk-kobold-vk200-plus/2-medium.webp,/images/products/vorwerk-kobold-vk200-plus/2-large.webp
ninja-detect-duo-cordless|/images/products/ninja-detect-duo-cordless/1-thumb.webp,/images/products/ninja-detect-duo-cordless/1-medium.webp,/images/products/ninja-detect-duo-cordless/1-large.webp,/images/products/ninja-detect-duo-cordless/2-thumb.webp,/images/products/ninja-detect-duo-cordless/2-medium.webp,/images/products/ninja-detect-duo-cordless/2-large.webp,/images/products/ninja-detect-duo-cordless/3-thumb.webp,/images/products/ninja-detect-duo-cordless/3-medium.webp,/images/products/ninja-detect-duo-cordless/3-large.webp,/images/products/ninja-detect-duo-cordless/4-thumb.webp,/images/products/ninja-detect-duo-cordless/4-medium.webp,/images/products/ninja-detect-duo-cordless/4-large.webp
ninja-foodi-dual-zone-af300eu|/images/products/ninja-foodi-dual-zone-af300eu/1-thumb.webp,/images/products/ninja-foodi-dual-zone-af300eu/1-medium.webp,/images/products/ninja-foodi-dual-zone-af300eu/1-large.webp,/images/products/ninja-foodi-dual-zone-af300eu/2-thumb.webp,/images/products/ninja-foodi-dual-zone-af300eu/2-medium.webp,/images/products/ninja-foodi-dual-zone-af300eu/2-large.webp,/images/products/ninja-foodi-dual-zone-af300eu/3-thumb.webp,/images/products/ninja-foodi-dual-zone-af300eu/3-medium.webp,/images/products/ninja-foodi-dual-zone-af300eu/3-large.webp,/images/products/ninja-foodi-dual-zone-af300eu/4-thumb.webp,/images/products/ninja-foodi-dual-zone-af300eu/4-medium.webp,/images/products/ninja-foodi-dual-zone-af300eu/4-large.webp
ninja-foodi-max-af400eu|/images/products/ninja-foodi-max-af400eu/1-thumb.webp,/images/products/ninja-foodi-max-af400eu/1-medium.webp,/images/products/ninja-foodi-max-af400eu/1-large.webp,/images/products/ninja-foodi-max-af400eu/2-thumb.webp,/images/products/ninja-foodi-max-af400eu/2-medium.webp,/images/products/ninja-foodi-max-af400eu/2-large.webp,/images/products/ninja-foodi-max-af400eu/3-thumb.webp,/images/products/ninja-foodi-max-af400eu/3-medium.webp,/images/products/ninja-foodi-max-af400eu/3-large.webp,/images/products/ninja-foodi-max-af400eu/4-thumb.webp,/images/products/ninja-foodi-max-af400eu/4-medium.webp,/images/products/ninja-foodi-max-af400eu/4-large.webp
ninja-speedi-sp101eu|/images/products/ninja-speedi-sp101eu/1-thumb.webp,/images/products/ninja-speedi-sp101eu/1-medium.webp,/images/products/ninja-speedi-sp101eu/1-large.webp
cosori-pro2-airfryer-l501|/images/products/cosori-pro2-airfryer-l501/1-thumb.webp,/images/products/cosori-pro2-airfryer-l501/1-medium.webp,/images/products/cosori-pro2-airfryer-l501/1-large.webp,/images/products/cosori-pro2-airfryer-l501/2-thumb.webp,/images/products/cosori-pro2-airfryer-l501/2-medium.webp,/images/products/cosori-pro2-airfryer-l501/2-large.webp
cosori-lite-airfryer-28l|/images/products/cosori-lite-airfryer-28l/1-thumb.webp,/images/products/cosori-lite-airfryer-28l/1-medium.webp,/images/products/cosori-lite-airfryer-28l/1-large.webp,/images/products/cosori-lite-airfryer-28l/2-thumb.webp,/images/products/cosori-lite-airfryer-28l/2-medium.webp,/images/products/cosori-lite-airfryer-28l/2-large.webp
tefal-easy-fry-max-ey4018|/images/products/tefal-easy-fry-max-ey4018/1-thumb.webp,/images/products/tefal-easy-fry-max-ey4018/1-medium.webp,/images/products/tefal-easy-fry-max-ey4018/1-large.webp,/images/products/tefal-easy-fry-max-ey4018/2-thumb.webp,/images/products/tefal-easy-fry-max-ey4018/2-medium.webp,/images/products/tefal-easy-fry-max-ey4018/2-large.webp,/images/products/tefal-easy-fry-max-ey4018/3-thumb.webp,/images/products/tefal-easy-fry-max-ey4018/3-medium.webp,/images/products/tefal-easy-fry-max-ey4018/3-large.webp
tefal-optigrill-plus-gc7148|/images/products/tefal-optigrill-plus-gc7148/1-thumb.webp,/images/products/tefal-optigrill-plus-gc7148/1-medium.webp,/images/products/tefal-optigrill-plus-gc7148/1-large.webp,/images/products/tefal-optigrill-plus-gc7148/2-thumb.webp,/images/products/tefal-optigrill-plus-gc7148/2-medium.webp,/images/products/tefal-optigrill-plus-gc7148/2-large.webp,/images/products/tefal-optigrill-plus-gc7148/3-thumb.webp,/images/products/tefal-optigrill-plus-gc7148/3-medium.webp,/images/products/tefal-optigrill-plus-gc7148/3-large.webp,/images/products/tefal-optigrill-plus-gc7148/4-thumb.webp,/images/products/tefal-optigrill-plus-gc7148/4-medium.webp,/images/products/tefal-optigrill-plus-gc7148/4-large.webp
tefal-easy-grill-precision-dg2558|/images/products/tefal-easy-grill-precision-dg2558/1-thumb.webp,/images/products/tefal-easy-grill-precision-dg2558/1-medium.webp,/images/products/tefal-easy-grill-precision-dg2558/1-large.webp,/images/products/tefal-easy-grill-precision-dg2558/2-thumb.webp,/images/products/tefal-easy-grill-precision-dg2558/2-medium.webp,/images/products/tefal-easy-grill-precision-dg2558/2-large.webp
wmf-kitchenminis-contact-grill|/images/products/wmf-kitchenminis-contact-grill/1-thumb.webp,/images/products/wmf-kitchenminis-contact-grill/1-medium.webp,/images/products/wmf-kitchenminis-contact-grill/1-large.webp,/images/products/wmf-kitchenminis-contact-grill/2-thumb.webp,/images/products/wmf-kitchenminis-contact-grill/2-medium.webp,/images/products/wmf-kitchenminis-contact-grill/2-large.webp,/images/products/wmf-kitchenminis-contact-grill/3-thumb.webp,/images/products/wmf-kitchenminis-contact-grill/3-medium.webp,/images/products/wmf-kitchenminis-contact-grill/3-large.webp,/images/products/wmf-kitchenminis-contact-grill/4-thumb.webp,/images/products/wmf-kitchenminis-contact-grill/4-medium.webp,/images/products/wmf-kitchenminis-contact-grill/4-large.webp
bosch-serie6-induktionskochfeld-pci611bb5e|/images/products/bosch-serie6-induktionskochfeld-pci611bb5e/1-thumb.webp,/images/products/bosch-serie6-induktionskochfeld-pci611bb5e/1-medium.webp,/images/products/bosch-serie6-induktionskochfeld-pci611bb5e/1-large.webp
siemens-iq700-induktionskochfeld-ex877ly44e|/images/products/siemens-iq700-induktionskochfeld-ex877ly44e/1-thumb.webp,/images/products/siemens-iq700-induktionskochfeld-ex877ly44e/1-medium.webp,/images/products/siemens-iq700-induktionskochfeld-ex877ly44e/1-large.webp,/images/products/siemens-iq700-induktionskochfeld-ex877ly44e/2-thumb.webp,/images/products/siemens-iq700-induktionskochfeld-ex877ly44e/2-medium.webp,/images/products/siemens-iq700-induktionskochfeld-ex877ly44e/2-large.webp
gaggenau-vario400-kochfeld-vig414|/images/products/gaggenau-vario400-kochfeld-vig414/1-thumb.webp,/images/products/gaggenau-vario400-kochfeld-vig414/1-medium.webp,/images/products/gaggenau-vario400-kochfeld-vig414/1-large.webp,/images/products/gaggenau-vario400-kochfeld-vig414/2-thumb.webp,/images/products/gaggenau-vario400-kochfeld-vig414/2-medium.webp,/images/products/gaggenau-vario400-kochfeld-vig414/2-large.webp
neff-b3acs7ah0-backofen|/images/products/neff-b3acs7ah0-backofen/1-thumb.webp,/images/products/neff-b3acs7ah0-backofen/1-medium.webp,/images/products/neff-b3acs7ah0-backofen/1-large.webp,/images/products/neff-b3acs7ah0-backofen/2-thumb.webp,/images/products/neff-b3acs7ah0-backofen/2-medium.webp,/images/products/neff-b3acs7ah0-backofen/2-large.webp,/images/products/neff-b3acs7ah0-backofen/3-thumb.webp,/images/products/neff-b3acs7ah0-backofen/3-medium.webp,/images/products/neff-b3acs7ah0-backofen/3-large.webp
bosch-serie8-backofen-hbg8780b1|/images/products/bosch-serie8-backofen-hbg8780b1/1-thumb.webp,/images/products/bosch-serie8-backofen-hbg8780b1/1-medium.webp,/images/products/bosch-serie8-backofen-hbg8780b1/1-large.webp,/images/products/bosch-serie8-backofen-hbg8780b1/2-thumb.webp,/images/products/bosch-serie8-backofen-hbg8780b1/2-medium.webp,/images/products/bosch-serie8-backofen-hbg8780b1/2-large.webp
miele-h7464bp-backofen|/images/products/miele-h7464bp-backofen/1-thumb.webp,/images/products/miele-h7464bp-backofen/1-medium.webp,/images/products/miele-h7464bp-backofen/1-large.webp,/images/products/miele-h7464bp-backofen/2-thumb.webp,/images/products/miele-h7464bp-backofen/2-medium.webp,/images/products/miele-h7464bp-backofen/2-large.webp
aeg-bpe842720m-backofen|/images/products/aeg-bpe842720m-backofen/1-thumb.webp,/images/products/aeg-bpe842720m-backofen/1-medium.webp,/images/products/aeg-bpe842720m-backofen/1-large.webp,/images/products/aeg-bpe842720m-backofen/2-thumb.webp,/images/products/aeg-bpe842720m-backofen/2-medium.webp,/images/products/aeg-bpe842720m-backofen/2-large.webp
electrolux-oeo7gknw-backofen|/images/products/electrolux-oeo7gknw-backofen/1-thumb.webp,/images/products/electrolux-oeo7gknw-backofen/1-medium.webp,/images/products/electrolux-oeo7gknw-backofen/1-large.webp,/images/products/electrolux-oeo7gknw-backofen/2-thumb.webp,/images/products/electrolux-oeo7gknw-backofen/2-medium.webp,/images/products/electrolux-oeo7gknw-backofen/2-large.webp
samsung-bespoke-slide-in-range-nx60bb871112|/images/products/samsung-bespoke-slide-in-range-nx60bb871112/1-thumb.webp,/images/products/samsung-bespoke-slide-in-range-nx60bb871112/1-medium.webp,/images/products/samsung-bespoke-slide-in-range-nx60bb871112/1-large.webp,/images/products/samsung-bespoke-slide-in-range-nx60bb871112/2-thumb.webp,/images/products/samsung-bespoke-slide-in-range-nx60bb871112/2-medium.webp,/images/products/samsung-bespoke-slide-in-range-nx60bb871112/2-large.webp,/images/products/samsung-bespoke-slide-in-range-nx60bb871112/3-thumb.webp,/images/products/samsung-bespoke-slide-in-range-nx60bb871112/3-medium.webp,/images/products/samsung-bespoke-slide-in-range-nx60bb871112/3-large.webp,/images/products/samsung-bespoke-slide-in-range-nx60bb871112/4-thumb.webp,/images/products/samsung-bespoke-slide-in-range-nx60bb871112/4-medium.webp,/images/products/samsung-bespoke-slide-in-range-nx60bb871112/4-large.webp
lg-instaview-range-lsel6337f|/images/products/lg-instaview-range-lsel6337f/1-thumb.webp,/images/products/lg-instaview-range-lsel6337f/1-medium.webp,/images/products/lg-instaview-range-lsel6337f/1-large.webp,/images/products/lg-instaview-range-lsel6337f/2-thumb.webp,/images/products/lg-instaview-range-lsel6337f/2-medium.webp,/images/products/lg-instaview-range-lsel6337f/2-large.webp
gastroback-design-pro-42621|/images/products/gastroback-design-pro-42621/1-thumb.webp,/images/products/gastroback-design-pro-42621/1-medium.webp,/images/products/gastroback-design-pro-42621/1-large.webp,/images/products/gastroback-design-pro-42621/2-thumb.webp,/images/products/gastroback-design-pro-42621/2-medium.webp,/images/products/gastroback-design-pro-42621/2-large.webp
russell-hobbs-retro-air-fryer-24530|/images/products/russell-hobbs-retro-air-fryer-24530/1-thumb.webp,/images/products/russell-hobbs-retro-air-fryer-24530/1-medium.webp,/images/products/russell-hobbs-retro-air-fryer-24530/1-large.webp,/images/products/russell-hobbs-retro-air-fryer-24530/2-thumb.webp,/images/products/russell-hobbs-retro-air-fryer-24530/2-medium.webp,/images/products/russell-hobbs-retro-air-fryer-24530/2-large.webp
delonghi-multifry-fh1394|/images/products/delonghi-multifry-fh1394/1-thumb.webp,/images/products/delonghi-multifry-fh1394/1-medium.webp,/images/products/delonghi-multifry-fh1394/1-large.webp,/images/products/delonghi-multifry-fh1394/2-thumb.webp,/images/products/delonghi-multifry-fh1394/2-medium.webp,/images/products/delonghi-multifry-fh1394/2-large.webp
moulinex-easy-fry-max-fx9029|/images/products/moulinex-easy-fry-max-fx9029/1-thumb.webp,/images/products/moulinex-easy-fry-max-fx9029/1-medium.webp,/images/products/moulinex-easy-fry-max-fx9029/1-large.webp,/images/products/moulinex-easy-fry-max-fx9029/2-thumb.webp,/images/products/moulinex-easy-fry-max-fx9029/2-medium.webp,/images/products/moulinex-easy-fry-max-fx9029/2-large.webp
kenwood-multipro-express-fdm79190ba|/images/products/kenwood-multipro-express-fdm79190ba/1-thumb.webp,/images/products/kenwood-multipro-express-fdm79190ba/1-medium.webp,/images/products/kenwood-multipro-express-fdm79190ba/1-large.webp,/images/products/kenwood-multipro-express-fdm79190ba/2-thumb.webp,/images/products/kenwood-multipro-express-fdm79190ba/2-medium.webp,/images/products/kenwood-multipro-express-fdm79190ba/2-large.webp
sage-the-air-fryer-pro-bpa180|/images/products/sage-the-air-fryer-pro-bpa180/1-thumb.webp,/images/products/sage-the-air-fryer-pro-bpa180/1-medium.webp,/images/products/sage-the-air-fryer-pro-bpa180/1-large.webp,/images/products/sage-the-air-fryer-pro-bpa180/2-thumb.webp,/images/products/sage-the-air-fryer-pro-bpa180/2-medium.webp,/images/products/sage-the-air-fryer-pro-bpa180/2-large.webp
miele-w1-waschmaschine-wsd163|/images/products/miele-w1-waschmaschine-wsd163/1-thumb.webp,/images/products/miele-w1-waschmaschine-wsd163/1-medium.webp,/images/products/miele-w1-waschmaschine-wsd163/1-large.webp,/images/products/miele-w1-waschmaschine-wsd163/2-thumb.webp,/images/products/miele-w1-waschmaschine-wsd163/2-medium.webp,/images/products/miele-w1-waschmaschine-wsd163/2-large.webp
miele-w1-waschmaschine-wsd263|/images/products/miele-w1-waschmaschine-wsd263/1-thumb.webp,/images/products/miele-w1-waschmaschine-wsd263/1-medium.webp,/images/products/miele-w1-waschmaschine-wsd263/1-large.webp,/images/products/miele-w1-waschmaschine-wsd263/2-thumb.webp,/images/products/miele-w1-waschmaschine-wsd263/2-medium.webp,/images/products/miele-w1-waschmaschine-wsd263/2-large.webp
miele-t1-trockner-tmh843|/images/products/miele-t1-trockner-tmh843/1-thumb.webp,/images/products/miele-t1-trockner-tmh843/1-medium.webp,/images/products/miele-t1-trockner-tmh843/1-large.webp
miele-waschtrockner-wt1|/images/products/miele-waschtrockner-wt1/1-thumb.webp,/images/products/miele-waschtrockner-wt1/1-medium.webp,/images/products/miele-waschtrockner-wt1/1-large.webp
bosch-serie8-waschmaschine-wau285680|/images/products/bosch-serie8-waschmaschine-wau285680/1-thumb.webp,/images/products/bosch-serie8-waschmaschine-wau285680/1-medium.webp,/images/products/bosch-serie8-waschmaschine-wau285680/1-large.webp
bosch-serie6-trockner-wtu876680|/images/products/bosch-serie6-trockner-wtu876680/1-thumb.webp,/images/products/bosch-serie6-trockner-wtu876680/1-medium.webp,/images/products/bosch-serie6-trockner-wtu876680/1-large.webp
siemens-iq700-waschmaschine-wg44g2z0|/images/products/siemens-iq700-waschmaschine-wg44g2z0/1-thumb.webp,/images/products/siemens-iq700-waschmaschine-wg44g2z0/1-medium.webp,/images/products/siemens-iq700-waschmaschine-wg44g2z0/1-large.webp
siemens-iq700-trockner-wt47w5600|/images/products/siemens-iq700-trockner-wt47w5600/1-thumb.webp,/images/products/siemens-iq700-trockner-wt47w5600/1-medium.webp,/images/products/siemens-iq700-trockner-wt47w5600/1-large.webp
samsung-ecobubble-ww90t554daw|/images/products/samsung-ecobubble-ww90t554daw/1-thumb.webp,/images/products/samsung-ecobubble-ww90t554daw/1-medium.webp,/images/products/samsung-ecobubble-ww90t554daw/1-large.webp
samsung-trockner-dv80ta020ae|/images/products/samsung-trockner-dv80ta020ae/1-thumb.webp,/images/products/samsung-trockner-dv80ta020ae/1-medium.webp,/images/products/samsung-trockner-dv80ta020ae/1-large.webp,/images/products/samsung-trockner-dv80ta020ae/2-thumb.webp,/images/products/samsung-trockner-dv80ta020ae/2-medium.webp,/images/products/samsung-trockner-dv80ta020ae/2-large.webp,/images/products/samsung-trockner-dv80ta020ae/3-thumb.webp,/images/products/samsung-trockner-dv80ta020ae/3-medium.webp,/images/products/samsung-trockner-dv80ta020ae/3-large.webp,/images/products/samsung-trockner-dv80ta020ae/4-thumb.webp,/images/products/samsung-trockner-dv80ta020ae/4-medium.webp,/images/products/samsung-trockner-dv80ta020ae/4-large.webp
lg-turbowash-wv9-1412w|/images/products/lg-turbowash-wv9-1412w/1-thumb.webp,/images/products/lg-turbowash-wv9-1412w/1-medium.webp,/images/products/lg-turbowash-wv9-1412w/1-large.webp
lg-washtower-p9wba|/images/products/lg-washtower-p9wba/1-thumb.webp,/images/products/lg-washtower-p9wba/1-medium.webp,/images/products/lg-washtower-p9wba/1-large.webp,/images/products/lg-washtower-p9wba/2-thumb.webp,/images/products/lg-washtower-p9wba/2-medium.webp,/images/products/lg-washtower-p9wba/2-large.webp,/images/products/lg-washtower-p9wba/3-thumb.webp,/images/products/lg-washtower-p9wba/3-medium.webp,/images/products/lg-washtower-p9wba/3-large.webp,/images/products/lg-washtower-p9wba/4-thumb.webp,/images/products/lg-washtower-p9wba/4-medium.webp,/images/products/lg-washtower-p9wba/4-large.webp
aeg-lr9a80600-waschmaschine|/images/products/aeg-lr9a80600-waschmaschine/1-thumb.webp,/images/products/aeg-lr9a80600-waschmaschine/1-medium.webp,/images/products/aeg-lr9a80600-waschmaschine/1-large.webp
aeg-tr9a865r-trockner|/images/products/aeg-tr9a865r-trockner/1-thumb.webp,/images/products/aeg-tr9a865r-trockner/1-medium.webp,/images/products/aeg-tr9a865r-trockner/1-large.webp,/images/products/aeg-tr9a865r-trockner/2-thumb.webp,/images/products/aeg-tr9a865r-trockner/2-medium.webp,/images/products/aeg-tr9a865r-trockner/2-large.webp
electrolux-ew7f348sg-waschmaschine|/images/products/electrolux-ew7f348sg-waschmaschine/1-thumb.webp,/images/products/electrolux-ew7f348sg-waschmaschine/1-medium.webp,/images/products/electrolux-ew7f348sg-waschmaschine/1-large.webp,/images/products/electrolux-ew7f348sg-waschmaschine/2-thumb.webp,/images/products/electrolux-ew7f348sg-waschmaschine/2-medium.webp,/images/products/electrolux-ew7f348sg-waschmaschine/2-large.webp,/images/products/electrolux-ew7f348sg-waschmaschine/3-thumb.webp,/images/products/electrolux-ew7f348sg-waschmaschine/3-medium.webp,/images/products/electrolux-ew7f348sg-waschmaschine/3-large.webp
electrolux-ew7h348w-trockner|/images/products/electrolux-ew7h348w-trockner/1-thumb.webp,/images/products/electrolux-ew7h348w-trockner/1-medium.webp,/images/products/electrolux-ew7h348w-trockner/1-large.webp
haier-hw100-b1439lu1-waschmaschine|/images/products/haier-hw100-b1439lu1-waschmaschine/1-thumb.webp,/images/products/haier-hw100-b1439lu1-waschmaschine/1-medium.webp,/images/products/haier-hw100-b1439lu1-waschmaschine/1-large.webp
haier-hd100-a2939-trockner|/images/products/haier-hd100-a2939-trockner/1-thumb.webp,/images/products/haier-hd100-a2939-trockner/1-medium.webp,/images/products/haier-hd100-a2939-trockner/1-large.webp
beko-wrs-55p12-sw-waschmaschine|/images/products/beko-wrs-55p12-sw-waschmaschine/1-thumb.webp,/images/products/beko-wrs-55p12-sw-waschmaschine/1-medium.webp,/images/products/beko-wrs-55p12-sw-waschmaschine/1-large.webp,/images/products/beko-wrs-55p12-sw-waschmaschine/2-thumb.webp,/images/products/beko-wrs-55p12-sw-waschmaschine/2-medium.webp,/images/products/beko-wrs-55p12-sw-waschmaschine/2-large.webp
beko-dp-8534-gxa1-trockner|/images/products/beko-dp-8534-gxa1-trockner/1-thumb.webp,/images/products/beko-dp-8534-gxa1-trockner/1-medium.webp,/images/products/beko-dp-8534-gxa1-trockner/1-large.webp
bosch-serie2-waschmaschine-wgg244z01|/images/products/bosch-serie2-waschmaschine-wgg244z01/1-thumb.webp,/images/products/bosch-serie2-waschmaschine-wgg244z01/1-medium.webp,/images/products/bosch-serie2-waschmaschine-wgg244z01/1-large.webp
siemens-iq300-waschmaschine-wg44g200|/images/products/siemens-iq300-waschmaschine-wg44g200/1-thumb.webp,/images/products/siemens-iq300-waschmaschine-wg44g200/1-medium.webp,/images/products/siemens-iq300-waschmaschine-wg44g200/1-large.webp
miele-w1-waschmaschine-wsd363|/images/products/miele-w1-waschmaschine-wsd363/1-thumb.webp,/images/products/miele-w1-waschmaschine-wsd363/1-medium.webp,/images/products/miele-w1-waschmaschine-wsd363/1-large.webp
miele-t1-trockner-tmv843|/images/products/miele-t1-trockner-tmv843/1-thumb.webp,/images/products/miele-t1-trockner-tmv843/1-medium.webp,/images/products/miele-t1-trockner-tmv843/1-large.webp
samsung-waschmaschine-ww90t684dln|/images/products/samsung-waschmaschine-ww90t684dln/1-thumb.webp,/images/products/samsung-waschmaschine-ww90t684dln/1-medium.webp,/images/products/samsung-waschmaschine-ww90t684dln/1-large.webp
lg-waschmaschine-f4wr711s2ha|/images/products/lg-waschmaschine-f4wr711s2ha/1-thumb.webp,/images/products/lg-waschmaschine-f4wr711s2ha/1-medium.webp,/images/products/lg-waschmaschine-f4wr711s2ha/1-large.webp
bosch-serie6-waschmaschine-wau28568|/images/products/bosch-serie6-waschmaschine-wau28568/1-thumb.webp,/images/products/bosch-serie6-waschmaschine-wau28568/1-medium.webp,/images/products/bosch-serie6-waschmaschine-wau28568/1-large.webp
siemens-waschmaschine-wg44g202|/images/products/siemens-waschmaschine-wg44g202/1-thumb.webp,/images/products/siemens-waschmaschine-wg44g202/1-medium.webp,/images/products/siemens-waschmaschine-wg44g202/1-large.webp,/images/products/siemens-waschmaschine-wg44g202/2-thumb.webp,/images/products/siemens-waschmaschine-wg44g202/2-medium.webp,/images/products/siemens-waschmaschine-wg44g202/2-large.webp,/images/products/siemens-waschmaschine-wg44g202/3-thumb.webp,/images/products/siemens-waschmaschine-wg44g202/3-medium.webp,/images/products/siemens-waschmaschine-wg44g202/3-large.webp
beko-trockner-dpy8534gxa1|/images/products/beko-trockner-dpy8534gxa1/1-thumb.webp,/images/products/beko-trockner-dpy8534gxa1/1-medium.webp,/images/products/beko-trockner-dpy8534gxa1/1-large.webp
liebherr-monokuhlschrank-kbes3660|/images/products/liebherr-monokuhlschrank-kbes3660/1-thumb.webp,/images/products/liebherr-monokuhlschrank-kbes3660/1-medium.webp,/images/products/liebherr-monokuhlschrank-kbes3660/1-large.webp,/images/products/liebherr-monokuhlschrank-kbes3660/2-thumb.webp,/images/products/liebherr-monokuhlschrank-kbes3660/2-medium.webp,/images/products/liebherr-monokuhlschrank-kbes3660/2-large.webp
liebherr-komfort-kcbnesf3666|/images/products/liebherr-komfort-kcbnesf3666/1-thumb.webp,/images/products/liebherr-komfort-kcbnesf3666/1-medium.webp,/images/products/liebherr-komfort-kcbnesf3666/1-large.webp
samsung-family-hub-rb38b7929s9|/images/products/samsung-family-hub-rb38b7929s9/1-thumb.webp,/images/products/samsung-family-hub-rb38b7929s9/1-medium.webp,/images/products/samsung-family-hub-rb38b7929s9/1-large.webp,/images/products/samsung-family-hub-rb38b7929s9/2-thumb.webp,/images/products/samsung-family-hub-rb38b7929s9/2-medium.webp,/images/products/samsung-family-hub-rb38b7929s9/2-large.webp
samsung-bespoke-lrfx28b3230s|/images/products/samsung-bespoke-lrfx28b3230s/1-thumb.webp,/images/products/samsung-bespoke-lrfx28b3230s/1-medium.webp,/images/products/samsung-bespoke-lrfx28b3230s/1-large.webp
samsung-side-by-side-rs758711dqp|/images/products/samsung-side-by-side-rs758711dqp/1-thumb.webp,/images/products/samsung-side-by-side-rs758711dqp/1-medium.webp,/images/products/samsung-side-by-side-rs758711dqp/1-large.webp
samsung-gefrierschrank-rz32r743601|/images/products/samsung-gefrierschrank-rz32r743601/1-thumb.webp,/images/products/samsung-gefrierschrank-rz32r743601/1-medium.webp,/images/products/samsung-gefrierschrank-rz32r743601/1-large.webp,/images/products/samsung-gefrierschrank-rz32r743601/2-thumb.webp,/images/products/samsung-gefrierschrank-rz32r743601/2-medium.webp,/images/products/samsung-gefrierschrank-rz32r743601/2-large.webp,/images/products/samsung-gefrierschrank-rz32r743601/3-thumb.webp,/images/products/samsung-gefrierschrank-rz32r743601/3-medium.webp,/images/products/samsung-gefrierschrank-rz32r743601/3-large.webp,/images/products/samsung-gefrierschrank-rz32r743601/4-thumb.webp,/images/products/samsung-gefrierschrank-rz32r743601/4-medium.webp,/images/products/samsung-gefrierschrank-rz32r743601/4-large.webp
bosch-serie6-kuhlschrank-kgn36aw3a|/images/products/bosch-serie6-kuhlschrank-kgn36aw3a/1-thumb.webp,/images/products/bosch-serie6-kuhlschrank-kgn36aw3a/1-medium.webp,/images/products/bosch-serie6-kuhlschrank-kgn36aw3a/1-large.webp
bosch-serie4-einbau-kuhlschrank-kiv83vse0|/images/products/bosch-serie4-einbau-kuhlschrank-kiv83vse0/1-thumb.webp,/images/products/bosch-serie4-einbau-kuhlschrank-kiv83vse0/1-medium.webp,/images/products/bosch-serie4-einbau-kuhlschrank-kiv83vse0/1-large.webp,/images/products/bosch-serie4-einbau-kuhlschrank-kiv83vse0/2-thumb.webp,/images/products/bosch-serie4-einbau-kuhlschrank-kiv83vse0/2-medium.webp,/images/products/bosch-serie4-einbau-kuhlschrank-kiv83vse0/2-large.webp
siemens-iq700-kuhlschrank-kg39nxb60|/images/products/siemens-iq700-kuhlschrank-kg39nxb60/1-thumb.webp,/images/products/siemens-iq700-kuhlschrank-kg39nxb60/1-medium.webp,/images/products/siemens-iq700-kuhlschrank-kg39nxb60/1-large.webp,/images/products/siemens-iq700-kuhlschrank-kg39nxb60/2-thumb.webp,/images/products/siemens-iq700-kuhlschrank-kg39nxb60/2-medium.webp,/images/products/siemens-iq700-kuhlschrank-kg39nxb60/2-large.webp,/images/products/siemens-iq700-kuhlschrank-kg39nxb60/3-thumb.webp,/images/products/siemens-iq700-kuhlschrank-kg39nxb60/3-medium.webp,/images/products/siemens-iq700-kuhlschrank-kg39nxb60/3-large.webp
siemens-iq500-einbau-kuhlschrank-kg39eadla0|/images/products/siemens-iq500-einbau-kuhlschrank-kg39eadla0/1-thumb.webp,/images/products/siemens-iq500-einbau-kuhlschrank-kg39eadla0/1-medium.webp,/images/products/siemens-iq500-einbau-kuhlschrank-kg39eadla0/1-large.webp,/images/products/siemens-iq500-einbau-kuhlschrank-kg39eadla0/2-thumb.webp,/images/products/siemens-iq500-einbau-kuhlschrank-kg39eadla0/2-medium.webp,/images/products/siemens-iq500-einbau-kuhlschrank-kg39eadla0/2-large.webp,/images/products/siemens-iq500-einbau-kuhlschrank-kg39eadla0/3-thumb.webp,/images/products/siemens-iq500-einbau-kuhlschrank-kg39eadla0/3-medium.webp,/images/products/siemens-iq500-einbau-kuhlschrank-kg39eadla0/3-large.webp
miele-kuhlschrank-k2801sfvi|/images/products/miele-kuhlschrank-k2801sfvi/1-thumb.webp,/images/products/miele-kuhlschrank-k2801sfvi/1-medium.webp,/images/products/miele-kuhlschrank-k2801sfvi/1-large.webp
miele-mastercool-mcs1301w|/images/products/miele-mastercool-mcs1301w/1-thumb.webp,/images/products/miele-mastercool-mcs1301w/1-medium.webp,/images/products/miele-mastercool-mcs1301w/1-large.webp,/images/products/miele-mastercool-mcs1301w/2-thumb.webp,/images/products/miele-mastercool-mcs1301w/2-medium.webp,/images/products/miele-mastercool-mcs1301w/2-large.webp
aeg-rcb53426tx-kuhlschrank|/images/products/aeg-rcb53426tx-kuhlschrank/1-thumb.webp,/images/products/aeg-rcb53426tx-kuhlschrank/1-medium.webp,/images/products/aeg-rcb53426tx-kuhlschrank/1-large.webp
electrolux-lrb3643sw-kuhlschrank|/images/products/electrolux-lrb3643sw-kuhlschrank/1-thumb.webp,/images/products/electrolux-lrb3643sw-kuhlschrank/1-medium.webp,/images/products/electrolux-lrb3643sw-kuhlschrank/1-large.webp,/images/products/electrolux-lrb3643sw-kuhlschrank/2-thumb.webp,/images/products/electrolux-lrb3643sw-kuhlschrank/2-medium.webp,/images/products/electrolux-lrb3643sw-kuhlschrank/2-large.webp
haier-monokuhlschrank-hb14g1aaag|/images/products/haier-monokuhlschrank-hb14g1aaag/1-thumb.webp,/images/products/haier-monokuhlschrank-hb14g1aaag/1-medium.webp,/images/products/haier-monokuhlschrank-hb14g1aaag/1-large.webp,/images/products/haier-monokuhlschrank-hb14g1aaag/2-thumb.webp,/images/products/haier-monokuhlschrank-hb14g1aaag/2-medium.webp,/images/products/haier-monokuhlschrank-hb14g1aaag/2-large.webp
haier-side-by-side-rs670n4aw1|/images/products/haier-side-by-side-rs670n4aw1/1-thumb.webp,/images/products/haier-side-by-side-rs670n4aw1/1-medium.webp,/images/products/haier-side-by-side-rs670n4aw1/1-large.webp,/images/products/haier-side-by-side-rs670n4aw1/2-thumb.webp,/images/products/haier-side-by-side-rs670n4aw1/2-medium.webp,/images/products/haier-side-by-side-rs670n4aw1/2-large.webp,/images/products/haier-side-by-side-rs670n4aw1/3-thumb.webp,/images/products/haier-side-by-side-rs670n4aw1/3-medium.webp,/images/products/haier-side-by-side-rs670n4aw1/3-large.webp
beko-gne-134620-x-kuhlschrank|/images/products/beko-gne-134620-x-kuhlschrank/1-thumb.webp,/images/products/beko-gne-134620-x-kuhlschrank/1-medium.webp,/images/products/beko-gne-134620-x-kuhlschrank/1-large.webp,/images/products/beko-gne-134620-x-kuhlschrank/2-thumb.webp,/images/products/beko-gne-134620-x-kuhlschrank/2-medium.webp,/images/products/beko-gne-134620-x-kuhlschrank/2-large.webp
beko-rbst140k25w-kuhlschrank|/images/products/beko-rbst140k25w-kuhlschrank/1-thumb.webp,/images/products/beko-rbst140k25w-kuhlschrank/1-medium.webp,/images/products/beko-rbst140k25w-kuhlschrank/1-large.webp,/images/products/beko-rbst140k25w-kuhlschrank/2-thumb.webp,/images/products/beko-rbst140k25w-kuhlschrank/2-medium.webp,/images/products/beko-rbst140k25w-kuhlschrank/2-large.webp
vzug-rq4601-kuhlschrank|/images/products/vzug-rq4601-kuhlschrank/1-thumb.webp,/images/products/vzug-rq4601-kuhlschrank/1-medium.webp,/images/products/vzug-rq4601-kuhlschrank/1-large.webp,/images/products/vzug-rq4601-kuhlschrank/2-thumb.webp,/images/products/vzug-rq4601-kuhlschrank/2-medium.webp,/images/products/vzug-rq4601-kuhlschrank/2-large.webp
liebherr-mono-kef3566-gefrierschrank|/images/products/liebherr-mono-kef3566-gefrierschrank/1-thumb.webp,/images/products/liebherr-mono-kef3566-gefrierschrank/1-medium.webp,/images/products/liebherr-mono-kef3566-gefrierschrank/1-large.webp
samsung-bespoke-french-door-rf29a9675sr|/images/products/samsung-bespoke-french-door-rf29a9675sr/1-thumb.webp,/images/products/samsung-bespoke-french-door-rf29a9675sr/1-medium.webp,/images/products/samsung-bespoke-french-door-rf29a9675sr/1-large.webp
samsung-tiefkuhlschrank-rt5000|/images/products/samsung-tiefkuhlschrank-rt5000/1-thumb.webp,/images/products/samsung-tiefkuhlschrank-rt5000/1-medium.webp,/images/products/samsung-tiefkuhlschrank-rt5000/1-large.webp
bosch-serie4-gefrierschrank-gin31afe0p|/images/products/bosch-serie4-gefrierschrank-gin31afe0p/1-thumb.webp,/images/products/bosch-serie4-gefrierschrank-gin31afe0p/1-medium.webp,/images/products/bosch-serie4-gefrierschrank-gin31afe0p/1-large.webp,/images/products/bosch-serie4-gefrierschrank-gin31afe0p/2-thumb.webp,/images/products/bosch-serie4-gefrierschrank-gin31afe0p/2-medium.webp,/images/products/bosch-serie4-gefrierschrank-gin31afe0p/2-large.webp
siemens-iq500-einbau-tiefkuhlschrank-gi51nae20|/images/products/siemens-iq500-einbau-tiefkuhlschrank-gi51nae20/1-thumb.webp,/images/products/siemens-iq500-einbau-tiefkuhlschrank-gi51nae20/1-medium.webp,/images/products/siemens-iq500-einbau-tiefkuhlschrank-gi51nae20/1-large.webp
aeg-rbs-36426tx-kuhlschrank|/images/products/aeg-rbs-36426tx-kuhlschrank/1-thumb.webp,/images/products/aeg-rbs-36426tx-kuhlschrank/1-medium.webp,/images/products/aeg-rbs-36426tx-kuhlschrank/1-large.webp,/images/products/aeg-rbs-36426tx-kuhlschrank/2-thumb.webp,/images/products/aeg-rbs-36426tx-kuhlschrank/2-medium.webp,/images/products/aeg-rbs-36426tx-kuhlschrank/2-large.webp
miele-g7310-scu|/images/products/miele-g7310-scu/1-thumb.webp,/images/products/miele-g7310-scu/1-medium.webp,/images/products/miele-g7310-scu/1-large.webp
miele-g7360-scvi-autodos|/images/products/miele-g7360-scvi-autodos/1-thumb.webp,/images/products/miele-g7360-scvi-autodos/1-medium.webp,/images/products/miele-g7360-scvi-autodos/1-large.webp,/images/products/miele-g7360-scvi-autodos/2-thumb.webp,/images/products/miele-g7360-scvi-autodos/2-medium.webp,/images/products/miele-g7360-scvi-autodos/2-large.webp,/images/products/miele-g7360-scvi-autodos/3-thumb.webp,/images/products/miele-g7360-scvi-autodos/3-medium.webp,/images/products/miele-g7360-scvi-autodos/3-large.webp
miele-g5000-sci|/images/products/miele-g5000-sci/1-thumb.webp,/images/products/miele-g5000-sci/1-medium.webp,/images/products/miele-g5000-sci/1-large.webp
miele-ta-2650-wp|/images/products/miele-ta-2650-wp/1-thumb.webp,/images/products/miele-ta-2650-wp/1-medium.webp,/images/products/miele-ta-2650-wp/1-large.webp,/images/products/miele-ta-2650-wp/2-thumb.webp,/images/products/miele-ta-2650-wp/2-medium.webp,/images/products/miele-ta-2650-wp/2-large.webp
bosch-serie4-smv46mx01e|/images/products/bosch-serie4-smv46mx01e/1-thumb.webp,/images/products/bosch-serie4-smv46mx01e/1-medium.webp,/images/products/bosch-serie4-smv46mx01e/1-large.webp,/images/products/bosch-serie4-smv46mx01e/2-thumb.webp,/images/products/bosch-serie4-smv46mx01e/2-medium.webp,/images/products/bosch-serie4-smv46mx01e/2-large.webp
bosch-kompakt-sms46mw00e|/images/products/bosch-kompakt-sms46mw00e/1-thumb.webp,/images/products/bosch-kompakt-sms46mw00e/1-medium.webp,/images/products/bosch-kompakt-sms46mw00e/1-large.webp
siemens-iq700-sn878x04ce-neu|/images/products/siemens-iq700-sn878x04ce-neu/1-thumb.webp,/images/products/siemens-iq700-sn878x04ce-neu/1-medium.webp,/images/products/siemens-iq700-sn878x04ce-neu/1-large.webp,/images/products/siemens-iq700-sn878x04ce-neu/2-thumb.webp,/images/products/siemens-iq700-sn878x04ce-neu/2-medium.webp,/images/products/siemens-iq700-sn878x04ce-neu/2-large.webp
siemens-iq500-sn436w00ce|/images/products/siemens-iq500-sn436w00ce/1-thumb.webp,/images/products/siemens-iq500-sn436w00ce/1-medium.webp,/images/products/siemens-iq500-sn436w00ce/1-large.webp
siemens-kompakt-sk25ew800|/images/products/siemens-kompakt-sk25ew800/1-thumb.webp,/images/products/siemens-kompakt-sk25ew800/1-medium.webp,/images/products/siemens-kompakt-sk25ew800/1-large.webp
aeg-ffb62607pm|/images/products/aeg-ffb62607pm/1-thumb.webp,/images/products/aeg-ffb62607pm/1-medium.webp,/images/products/aeg-ffb62607pm/1-large.webp
aeg-fsk62600p-kompakt|/images/products/aeg-fsk62600p-kompakt/1-thumb.webp,/images/products/aeg-fsk62600p-kompakt/1-medium.webp,/images/products/aeg-fsk62600p-kompakt/1-large.webp
electrolux-eeq53200l|/images/products/electrolux-eeq53200l/1-thumb.webp,/images/products/electrolux-eeq53200l/1-medium.webp,/images/products/electrolux-eeq53200l/1-large.webp
electrolux-kompakt-esf6200lou|/images/products/electrolux-kompakt-esf6200lou/1-thumb.webp,/images/products/electrolux-kompakt-esf6200lou/1-medium.webp,/images/products/electrolux-kompakt-esf6200lou/1-large.webp
samsung-dw60m6050fw|/images/products/samsung-dw60m6050fw/1-thumb.webp,/images/products/samsung-dw60m6050fw/1-medium.webp,/images/products/samsung-dw60m6050fw/1-large.webp
siemens-iq300-sk26e820eu|/images/products/siemens-iq300-sk26e820eu/1-thumb.webp,/images/products/siemens-iq300-sk26e820eu/1-medium.webp,/images/products/siemens-iq300-sk26e820eu/1-large.webp
beko-dfn05320w|/images/products/beko-dfn05320w/1-thumb.webp,/images/products/beko-dfn05320w/1-medium.webp,/images/products/beko-dfn05320w/1-large.webp,/images/products/beko-dfn05320w/2-thumb.webp,/images/products/beko-dfn05320w/2-medium.webp,/images/products/beko-dfn05320w/2-large.webp
haier-dw14-bk3aeu|/images/products/haier-dw14-bk3aeu/1-thumb.webp,/images/products/haier-dw14-bk3aeu/1-medium.webp,/images/products/haier-dw14-bk3aeu/1-large.webp,/images/products/haier-dw14-bk3aeu/2-thumb.webp,/images/products/haier-dw14-bk3aeu/2-medium.webp,/images/products/haier-dw14-bk3aeu/2-large.webp
lg-df455hms-kompakt|/images/products/lg-df455hms-kompakt/1-thumb.webp,/images/products/lg-df455hms-kompakt/1-medium.webp,/images/products/lg-df455hms-kompakt/1-large.webp,/images/products/lg-df455hms-kompakt/2-thumb.webp,/images/products/lg-df455hms-kompakt/2-medium.webp,/images/products/lg-df455hms-kompakt/2-large.webp
lg-full-size-df455hms|/images/products/lg-full-size-df455hms/1-thumb.webp,/images/products/lg-full-size-df455hms/1-medium.webp,/images/products/lg-full-size-df455hms/1-large.webp,/images/products/lg-full-size-df455hms/2-thumb.webp,/images/products/lg-full-size-df455hms/2-medium.webp,/images/products/lg-full-size-df455hms/2-large.webp
dyson-purifier-hotcool-hp07|/images/products/dyson-purifier-hotcool-hp07/1-thumb.webp,/images/products/dyson-purifier-hotcool-hp07/1-medium.webp,/images/products/dyson-purifier-hotcool-hp07/1-large.webp
dyson-purifier-humidifycool-ph01|/images/products/dyson-purifier-humidifycool-ph01/1-thumb.webp,/images/products/dyson-purifier-humidifycool-ph01/1-medium.webp,/images/products/dyson-purifier-humidifycool-ph01/1-large.webp
dyson-pure-cool-tp07|/images/products/dyson-pure-cool-tp07/1-thumb.webp,/images/products/dyson-pure-cool-tp07/1-medium.webp,/images/products/dyson-pure-cool-tp07/1-large.webp
stadler-form-oskar|/images/products/stadler-form-oskar/1-thumb.webp,/images/products/stadler-form-oskar/1-medium.webp,/images/products/stadler-form-oskar/1-large.webp,/images/products/stadler-form-oskar/2-thumb.webp,/images/products/stadler-form-oskar/2-medium.webp,/images/products/stadler-form-oskar/2-large.webp,/images/products/stadler-form-oskar/3-thumb.webp,/images/products/stadler-form-oskar/3-medium.webp,/images/products/stadler-form-oskar/3-large.webp
stadler-form-oskar-little|/images/products/stadler-form-oskar-little/1-thumb.webp,/images/products/stadler-form-oskar-little/1-medium.webp,/images/products/stadler-form-oskar-little/1-large.webp
stadler-form-viktor|/images/products/stadler-form-viktor/1-thumb.webp,/images/products/stadler-form-viktor/1-medium.webp,/images/products/stadler-form-viktor/1-large.webp,/images/products/stadler-form-viktor/2-thumb.webp,/images/products/stadler-form-viktor/2-medium.webp,/images/products/stadler-form-viktor/2-large.webp,/images/products/stadler-form-viktor/3-thumb.webp,/images/products/stadler-form-viktor/3-medium.webp,/images/products/stadler-form-viktor/3-large.webp
blueair-blue-3410|/images/products/blueair-blue-3410/1-thumb.webp,/images/products/blueair-blue-3410/1-medium.webp,/images/products/blueair-blue-3410/1-large.webp
blueair-classic-480i|/images/products/blueair-classic-480i/1-thumb.webp,/images/products/blueair-classic-480i/1-medium.webp,/images/products/blueair-classic-480i/1-large.webp
blueair-health-protect-7440i|/images/products/blueair-health-protect-7440i/1-thumb.webp,/images/products/blueair-health-protect-7440i/1-medium.webp,/images/products/blueair-health-protect-7440i/1-large.webp,/images/products/blueair-health-protect-7440i/2-thumb.webp,/images/products/blueair-health-protect-7440i/2-medium.webp,/images/products/blueair-health-protect-7440i/2-large.webp
levoit-core-300|/images/products/levoit-core-300/1-thumb.webp,/images/products/levoit-core-300/1-medium.webp,/images/products/levoit-core-300/1-large.webp
levoit-core-400s|/images/products/levoit-core-400s/1-thumb.webp,/images/products/levoit-core-400s/1-medium.webp,/images/products/levoit-core-400s/1-large.webp
levoit-lv600s-hybrid|/images/products/levoit-lv600s-hybrid/1-thumb.webp,/images/products/levoit-lv600s-hybrid/1-medium.webp,/images/products/levoit-lv600s-hybrid/1-large.webp
trotec-pac-3200-e|/images/products/trotec-pac-3200-e/1-thumb.webp,/images/products/trotec-pac-3200-e/1-medium.webp,/images/products/trotec-pac-3200-e/1-large.webp,/images/products/trotec-pac-3200-e/2-thumb.webp,/images/products/trotec-pac-3200-e/2-medium.webp,/images/products/trotec-pac-3200-e/2-large.webp
trotec-pac-3900-e|/images/products/trotec-pac-3900-e/1-thumb.webp,/images/products/trotec-pac-3900-e/1-medium.webp,/images/products/trotec-pac-3900-e/1-large.webp,/images/products/trotec-pac-3900-e/2-thumb.webp,/images/products/trotec-pac-3900-e/2-medium.webp,/images/products/trotec-pac-3900-e/2-large.webp
comfee-mpph-07crn7|/images/products/comfee-mpph-07crn7/1-thumb.webp,/images/products/comfee-mpph-07crn7/1-medium.webp,/images/products/comfee-mpph-07crn7/1-large.webp,/images/products/comfee-mpph-07crn7/2-thumb.webp,/images/products/comfee-mpph-07crn7/2-medium.webp,/images/products/comfee-mpph-07crn7/2-large.webp
comfee-mpph-12crn7|/images/products/comfee-mpph-12crn7/1-thumb.webp,/images/products/comfee-mpph-12crn7/1-medium.webp,/images/products/comfee-mpph-12crn7/1-large.webp,/images/products/comfee-mpph-12crn7/2-thumb.webp,/images/products/comfee-mpph-12crn7/2-medium.webp,/images/products/comfee-mpph-12crn7/2-large.webp
sichler-pac-wk-10|/images/products/sichler-pac-wk-10/1-thumb.webp,/images/products/sichler-pac-wk-10/1-medium.webp,/images/products/sichler-pac-wk-10/1-large.webp,/images/products/sichler-pac-wk-10/2-thumb.webp,/images/products/sichler-pac-wk-10/2-medium.webp,/images/products/sichler-pac-wk-10/2-large.webp
klarstein-fresh-breeze-xl|/images/products/klarstein-fresh-breeze-xl/1-thumb.webp,/images/products/klarstein-fresh-breeze-xl/1-medium.webp,/images/products/klarstein-fresh-breeze-xl/1-large.webp
stadler-form-airgoing-kne01|/images/products/stadler-form-airgoing-kne01/1-thumb.webp,/images/products/stadler-form-airgoing-kne01/1-medium.webp,/images/products/stadler-form-airgoing-kne01/1-large.webp,/images/products/stadler-form-airgoing-kne01/2-thumb.webp,/images/products/stadler-form-airgoing-kne01/2-medium.webp,/images/products/stadler-form-airgoing-kne01/2-large.webp
levoit-classic-200s|/images/products/levoit-classic-200s/1-thumb.webp,/images/products/levoit-classic-200s/1-medium.webp,/images/products/levoit-classic-200s/1-large.webp
blueair-blue-2210|/images/products/blueair-blue-2210/1-thumb.webp,/images/products/blueair-blue-2210/1-medium.webp,/images/products/blueair-blue-2210/1-large.webp
klarstein-skyscraper-ice|/images/products/klarstein-skyscraper-ice/1-thumb.webp,/images/products/klarstein-skyscraper-ice/1-medium.webp,/images/products/klarstein-skyscraper-ice/1-large.webp
midea-air-cool-maw08v1qwt|/images/products/midea-air-cool-maw08v1qwt/1-thumb.webp,/images/products/midea-air-cool-maw08v1qwt/1-medium.webp,/images/products/midea-air-cool-maw08v1qwt/1-large.webp,/images/products/midea-air-cool-maw08v1qwt/2-thumb.webp,/images/products/midea-air-cool-maw08v1qwt/2-medium.webp,/images/products/midea-air-cool-maw08v1qwt/2-large.webp
dyson-big-quiet-formaldehyde-n475|/images/products/dyson-big-quiet-formaldehyde-n475/1-thumb.webp,/images/products/dyson-big-quiet-formaldehyde-n475/1-medium.webp,/images/products/dyson-big-quiet-formaldehyde-n475/1-large.webp
trotec-pac-2100-e|/images/products/trotec-pac-2100-e/1-thumb.webp,/images/products/trotec-pac-2100-e/1-medium.webp,/images/products/trotec-pac-2100-e/1-large.webp,/images/products/trotec-pac-2100-e/2-thumb.webp,/images/products/trotec-pac-2100-e/2-medium.webp,/images/products/trotec-pac-2100-e/2-large.webp
tado-smart-thermostat-v3plus-neu|/images/products/tado-smart-thermostat-v3plus-neu/1-thumb.webp,/images/products/tado-smart-thermostat-v3plus-neu/1-medium.webp,/images/products/tado-smart-thermostat-v3plus-neu/1-large.webp
tado-smart-thermostat-v3plus-extension|/images/products/tado-smart-thermostat-v3plus-extension/1-thumb.webp,/images/products/tado-smart-thermostat-v3plus-extension/1-medium.webp,/images/products/tado-smart-thermostat-v3plus-extension/1-large.webp
tado-smart-ac-control-v3plus-neu|/images/products/tado-smart-ac-control-v3plus-neu/1-thumb.webp,/images/products/tado-smart-ac-control-v3plus-neu/1-medium.webp,/images/products/tado-smart-ac-control-v3plus-neu/1-large.webp,/images/products/tado-smart-ac-control-v3plus-neu/2-thumb.webp,/images/products/tado-smart-ac-control-v3plus-neu/2-medium.webp,/images/products/tado-smart-ac-control-v3plus-neu/2-large.webp
philips-hue-starter-kit-e27-neu|/images/products/philips-hue-starter-kit-e27-neu/1-thumb.webp,/images/products/philips-hue-starter-kit-e27-neu/1-medium.webp,/images/products/philips-hue-starter-kit-e27-neu/1-large.webp,/images/products/philips-hue-starter-kit-e27-neu/2-thumb.webp,/images/products/philips-hue-starter-kit-e27-neu/2-medium.webp,/images/products/philips-hue-starter-kit-e27-neu/2-large.webp
philips-hue-starter-kit-e14|/images/products/philips-hue-starter-kit-e14/1-thumb.webp,/images/products/philips-hue-starter-kit-e14/1-medium.webp,/images/products/philips-hue-starter-kit-e14/1-large.webp,/images/products/philips-hue-starter-kit-e14/2-thumb.webp,/images/products/philips-hue-starter-kit-e14/2-medium.webp,/images/products/philips-hue-starter-kit-e14/2-large.webp
philips-hue-lightstrip-plus-2m|/images/products/philips-hue-lightstrip-plus-2m/1-thumb.webp,/images/products/philips-hue-lightstrip-plus-2m/1-medium.webp,/images/products/philips-hue-lightstrip-plus-2m/1-large.webp,/images/products/philips-hue-lightstrip-plus-2m/2-thumb.webp,/images/products/philips-hue-lightstrip-plus-2m/2-medium.webp,/images/products/philips-hue-lightstrip-plus-2m/2-large.webp
philips-hue-white-ambiance-e27|/images/products/philips-hue-white-ambiance-e27/1-thumb.webp,/images/products/philips-hue-white-ambiance-e27/1-medium.webp,/images/products/philips-hue-white-ambiance-e27/1-large.webp,/images/products/philips-hue-white-ambiance-e27/2-thumb.webp,/images/products/philips-hue-white-ambiance-e27/2-medium.webp,/images/products/philips-hue-white-ambiance-e27/2-large.webp
nanoleaf-shapes-triangles|/images/products/nanoleaf-shapes-triangles/1-thumb.webp,/images/products/nanoleaf-shapes-triangles/1-medium.webp,/images/products/nanoleaf-shapes-triangles/1-large.webp
nanoleaf-elements-hexagons|/images/products/nanoleaf-elements-hexagons/1-thumb.webp,/images/products/nanoleaf-elements-hexagons/1-medium.webp,/images/products/nanoleaf-elements-hexagons/1-large.webp,/images/products/nanoleaf-elements-hexagons/2-thumb.webp,/images/products/nanoleaf-elements-hexagons/2-medium.webp,/images/products/nanoleaf-elements-hexagons/2-large.webp
ring-video-doorbell-4-neu|/images/products/ring-video-doorbell-4-neu/1-thumb.webp,/images/products/ring-video-doorbell-4-neu/1-medium.webp,/images/products/ring-video-doorbell-4-neu/1-large.webp
ring-spotlight-cam-pro|/images/products/ring-spotlight-cam-pro/1-thumb.webp,/images/products/ring-spotlight-cam-pro/1-medium.webp,/images/products/ring-spotlight-cam-pro/1-large.webp
ring-indoor-cam-gen2|/images/products/ring-indoor-cam-gen2/1-thumb.webp,/images/products/ring-indoor-cam-gen2/1-medium.webp,/images/products/ring-indoor-cam-gen2/1-large.webp
netatmo-wetterstation|/images/products/netatmo-wetterstation/1-thumb.webp,/images/products/netatmo-wetterstation/1-medium.webp,/images/products/netatmo-wetterstation/1-large.webp
netatmo-smart-thermostat|/images/products/netatmo-smart-thermostat/1-thumb.webp,/images/products/netatmo-smart-thermostat/1-medium.webp,/images/products/netatmo-smart-thermostat/1-large.webp,/images/products/netatmo-smart-thermostat/2-thumb.webp,/images/products/netatmo-smart-thermostat/2-medium.webp,/images/products/netatmo-smart-thermostat/2-large.webp
ikea-tradfri-starter-kit-e27|/images/products/ikea-tradfri-starter-kit-e27/1-thumb.webp,/images/products/ikea-tradfri-starter-kit-e27/1-medium.webp,/images/products/ikea-tradfri-starter-kit-e27/1-large.webp
ikea-dirigera-hub|/images/products/ikea-dirigera-hub/1-thumb.webp,/images/products/ikea-dirigera-hub/1-medium.webp,/images/products/ikea-dirigera-hub/1-large.webp
ikea-praktlysing-smart-blind|/images/products/ikea-praktlysing-smart-blind/1-thumb.webp,/images/products/ikea-praktlysing-smart-blind/1-medium.webp,/images/products/ikea-praktlysing-smart-blind/1-large.webp
ring-alarm-security-kit-5|/images/products/ring-alarm-security-kit-5/1-thumb.webp,/images/products/ring-alarm-security-kit-5/1-medium.webp,/images/products/ring-alarm-security-kit-5/1-large.webp,/images/products/ring-alarm-security-kit-5/2-thumb.webp,/images/products/ring-alarm-security-kit-5/2-medium.webp,/images/products/ring-alarm-security-kit-5/2-large.webp
netatmo-smart-video-doorbell|/images/products/netatmo-smart-video-doorbell/1-thumb.webp,/images/products/netatmo-smart-video-doorbell/1-medium.webp,/images/products/netatmo-smart-video-doorbell/1-large.webp,/images/products/netatmo-smart-video-doorbell/2-thumb.webp,/images/products/netatmo-smart-video-doorbell/2-medium.webp,/images/products/netatmo-smart-video-doorbell/2-large.webp
nanoleaf-shapes-squares|/images/products/nanoleaf-shapes-squares/1-thumb.webp,/images/products/nanoleaf-shapes-squares/1-medium.webp,/images/products/nanoleaf-shapes-squares/1-large.webp
philips-hue-gradient-lightstrip-2m|/images/products/philips-hue-gradient-lightstrip-2m/1-thumb.webp,/images/products/philips-hue-gradient-lightstrip-2m/1-medium.webp,/images/products/philips-hue-gradient-lightstrip-2m/1-large.webp,/images/products/philips-hue-gradient-lightstrip-2m/2-thumb.webp,/images/products/philips-hue-gradient-lightstrip-2m/2-medium.webp,/images/products/philips-hue-gradient-lightstrip-2m/2-large.webp,/images/products/philips-hue-gradient-lightstrip-2m/3-thumb.webp,/images/products/philips-hue-gradient-lightstrip-2m/3-medium.webp,/images/products/philips-hue-gradient-lightstrip-2m/3-large.webp
ikea-symfonisk-table-speaker|/images/products/ikea-symfonisk-table-speaker/1-thumb.webp,/images/products/ikea-symfonisk-table-speaker/1-medium.webp,/images/products/ikea-symfonisk-table-speaker/1-large.webp
philips-hue-play-gradient-lightstrip-55|/images/products/philips-hue-play-gradient-lightstrip-55/1-thumb.webp,/images/products/philips-hue-play-gradient-lightstrip-55/1-medium.webp,/images/products/philips-hue-play-gradient-lightstrip-55/1-large.webp
tado-smart-radiator-starter-kit|/images/products/tado-smart-radiator-starter-kit/1-thumb.webp,/images/products/tado-smart-radiator-starter-kit/1-medium.webp,/images/products/tado-smart-radiator-starter-kit/1-large.webp
ring-floodlight-cam-wired-pro|/images/products/ring-floodlight-cam-wired-pro/1-thumb.webp,/images/products/ring-floodlight-cam-wired-pro/1-medium.webp,/images/products/ring-floodlight-cam-wired-pro/1-large.webp
ikea-parasoll-door-window-sensor|/images/products/ikea-parasoll-door-window-sensor/1-thumb.webp,/images/products/ikea-parasoll-door-window-sensor/1-medium.webp,/images/products/ikea-parasoll-door-window-sensor/1-large.webp
ikea-vallhorn-motion-sensor|/images/products/ikea-vallhorn-motion-sensor/1-thumb.webp,/images/products/ikea-vallhorn-motion-sensor/1-medium.webp,/images/products/ikea-vallhorn-motion-sensor/1-large.webp
philips-hue-secure-camera|/images/products/philips-hue-secure-camera/1-thumb.webp,/images/products/philips-hue-secure-camera/1-medium.webp,/images/products/philips-hue-secure-camera/1-large.webp
ikea-starkvind-air-purifier|/images/products/ikea-starkvind-air-purifier/1-thumb.webp,/images/products/ikea-starkvind-air-purifier/1-medium.webp,/images/products/ikea-starkvind-air-purifier/1-large.webp
nanoleaf-essential-a19-bulb|/images/products/nanoleaf-essential-a19-bulb/1-thumb.webp,/images/products/nanoleaf-essential-a19-bulb/1-medium.webp,/images/products/nanoleaf-essential-a19-bulb/1-large.webp
ring-alarm-flood-freeze-sensor|/images/products/ring-alarm-flood-freeze-sensor/1-thumb.webp,/images/products/ring-alarm-flood-freeze-sensor/1-medium.webp,/images/products/ring-alarm-flood-freeze-sensor/1-large.webp,/images/products/ring-alarm-flood-freeze-sensor/2-thumb.webp,/images/products/ring-alarm-flood-freeze-sensor/2-medium.webp,/images/products/ring-alarm-flood-freeze-sensor/2-large.webp
tado-smart-thermostat-v3plus-single|/images/products/tado-smart-thermostat-v3plus-single/1-thumb.webp,/images/products/tado-smart-thermostat-v3plus-single/1-medium.webp,/images/products/tado-smart-thermostat-v3plus-single/1-large.webp
philips-hue-secure-doorbell-camera|/images/products/philips-hue-secure-doorbell-camera/1-thumb.webp,/images/products/philips-hue-secure-doorbell-camera/1-medium.webp,/images/products/philips-hue-secure-doorbell-camera/1-large.webp
blueair-blue-3210|/images/products/blueair-blue-3210/1-thumb.webp,/images/products/blueair-blue-3210/1-medium.webp,/images/products/blueair-blue-3210/1-large.webp,/images/products/blueair-blue-3210/2-thumb.webp,/images/products/blueair-blue-3210/2-medium.webp,/images/products/blueair-blue-3210/2-large.webp,/images/products/blueair-blue-3210/3-thumb.webp,/images/products/blueair-blue-3210/3-medium.webp,/images/products/blueair-blue-3210/3-large.webp,/images/products/blueair-blue-3210/4-thumb.webp,/images/products/blueair-blue-3210/4-medium.webp,/images/products/blueair-blue-3210/4-large.webp
miele-w1-waschmaschine|/images/products/miele-w1-waschmaschine/1-thumb.webp,/images/products/miele-w1-waschmaschine/1-medium.webp,/images/products/miele-w1-waschmaschine/1-large.webp,/images/products/miele-w1-waschmaschine/2-thumb.webp,/images/products/miele-w1-waschmaschine/2-medium.webp,/images/products/miele-w1-waschmaschine/2-large.webp,/images/products/miele-w1-waschmaschine/3-thumb.webp,/images/products/miele-w1-waschmaschine/3-medium.webp,/images/products/miele-w1-waschmaschine/3-large.webp,/images/products/miele-w1-waschmaschine/4-thumb.webp,/images/products/miele-w1-waschmaschine/4-medium.webp,/images/products/miele-w1-waschmaschine/4-large.webp
miele-t1-trockner|/images/products/miele-t1-trockner/1-thumb.webp,/images/products/miele-t1-trockner/1-medium.webp,/images/products/miele-t1-trockner/1-large.webp,/images/products/miele-t1-trockner/2-thumb.webp,/images/products/miele-t1-trockner/2-medium.webp,/images/products/miele-t1-trockner/2-large.webp,/images/products/miele-t1-trockner/3-thumb.webp,/images/products/miele-t1-trockner/3-medium.webp,/images/products/miele-t1-trockner/3-large.webp,/images/products/miele-t1-trockner/4-thumb.webp,/images/products/miele-t1-trockner/4-medium.webp,/images/products/miele-t1-trockner/4-large.webp
samsung-ecobubble|/images/products/samsung-ecobubble/1-thumb.webp,/images/products/samsung-ecobubble/1-medium.webp,/images/products/samsung-ecobubble/1-large.webp,/images/products/samsung-ecobubble/2-thumb.webp,/images/products/samsung-ecobubble/2-medium.webp,/images/products/samsung-ecobubble/2-large.webp,/images/products/samsung-ecobubble/3-thumb.webp,/images/products/samsung-ecobubble/3-medium.webp,/images/products/samsung-ecobubble/3-large.webp,/images/products/samsung-ecobubble/4-thumb.webp,/images/products/samsung-ecobubble/4-medium.webp,/images/products/samsung-ecobubble/4-large.webp
aeg-cx7-2-i360|/images/products/aeg-cx7-2-i360/1-thumb.webp,/images/products/aeg-cx7-2-i360/1-medium.webp,/images/products/aeg-cx7-2-i360/1-large.webp
bosch-serie-4-smv6ecx22e|/images/products/bosch-serie-4-smv6ecx22e/1-thumb.webp,/images/products/bosch-serie-4-smv6ecx22e/1-medium.webp,/images/products/bosch-serie-4-smv6ecx22e/1-large.webp,/images/products/bosch-serie-4-smv6ecx22e/2-thumb.webp,/images/products/bosch-serie-4-smv6ecx22e/2-medium.webp,/images/products/bosch-serie-4-smv6ecx22e/2-large.webp,/images/products/bosch-serie-4-smv6ecx22e/3-thumb.webp,/images/products/bosch-serie-4-smv6ecx22e/3-medium.webp,/images/products/bosch-serie-4-smv6ecx22e/3-large.webp
siemens-iq300-sn63ex22ce|/images/products/siemens-iq300-sn63ex22ce/1-thumb.webp,/images/products/siemens-iq300-sn63ex22ce/1-medium.webp,/images/products/siemens-iq300-sn63ex22ce/1-large.webp,/images/products/siemens-iq300-sn63ex22ce/2-thumb.webp,/images/products/siemens-iq300-sn63ex22ce/2-medium.webp,/images/products/siemens-iq300-sn63ex22ce/2-large.webp,/images/products/siemens-iq300-sn63ex22ce/3-thumb.webp,/images/products/siemens-iq300-sn63ex22ce/3-medium.webp,/images/products/siemens-iq300-sn63ex22ce/3-large.webp
bosch-serie-4-sms4eci28f|/images/products/bosch-serie-4-sms4eci28f/1-thumb.webp,/images/products/bosch-serie-4-sms4eci28f/1-medium.webp,/images/products/bosch-serie-4-sms4eci28f/1-large.webp,/images/products/bosch-serie-4-sms4eci28f/2-thumb.webp,/images/products/bosch-serie-4-sms4eci28f/2-medium.webp,/images/products/bosch-serie-4-sms4eci28f/2-large.webp,/images/products/bosch-serie-4-sms4eci28f/3-thumb.webp,/images/products/bosch-serie-4-sms4eci28f/3-medium.webp,/images/products/bosch-serie-4-sms4eci28f/3-large.webp
bosch-serie-4-kgn36vled|/images/products/bosch-serie-4-kgn36vled/1-thumb.webp,/images/products/bosch-serie-4-kgn36vled/1-medium.webp,/images/products/bosch-serie-4-kgn36vled/1-large.webp,/images/products/bosch-serie-4-kgn36vled/2-thumb.webp,/images/products/bosch-serie-4-kgn36vled/2-medium.webp,/images/products/bosch-serie-4-kgn36vled/2-large.webp,/images/products/bosch-serie-4-kgn36vled/3-thumb.webp,/images/products/bosch-serie-4-kgn36vled/3-medium.webp,/images/products/bosch-serie-4-kgn36vled/3-large.webp
liebherr-ke230-26|/images/products/liebherr-ke230-26/1-thumb.webp,/images/products/liebherr-ke230-26/1-medium.webp,/images/products/liebherr-ke230-26/1-large.webp,/images/products/liebherr-ke230-26/2-thumb.webp,/images/products/liebherr-ke230-26/2-medium.webp,/images/products/liebherr-ke230-26/2-large.webp,/images/products/liebherr-ke230-26/3-thumb.webp,/images/products/liebherr-ke230-26/3-medium.webp,/images/products/liebherr-ke230-26/3-large.webp
irobot-roomba-plus-405|/images/products/irobot-roomba-plus-405/1-thumb.webp,/images/products/irobot-roomba-plus-405/1-medium.webp,/images/products/irobot-roomba-plus-405/1-large.webp,/images/products/irobot-roomba-plus-405/2-thumb.webp,/images/products/irobot-roomba-plus-405/2-medium.webp,/images/products/irobot-roomba-plus-405/2-large.webp,/images/products/irobot-roomba-plus-405/3-thumb.webp,/images/products/irobot-roomba-plus-405/3-medium.webp,/images/products/irobot-roomba-plus-405/3-large.webp
liebherr-comfort-ke230-26|/images/products/liebherr-comfort-ke230-26/1-thumb.webp,/images/products/liebherr-comfort-ke230-26/1-medium.webp,/images/products/liebherr-comfort-ke230-26/1-large.webp,/images/products/liebherr-comfort-ke230-26/2-thumb.webp,/images/products/liebherr-comfort-ke230-26/2-medium.webp,/images/products/liebherr-comfort-ke230-26/2-large.webp,/images/products/liebherr-comfort-ke230-26/3-thumb.webp,/images/products/liebherr-comfort-ke230-26/3-medium.webp,/images/products/liebherr-comfort-ke230-26/3-large.webp
saeco-xelsis|/images/products/saeco-xelsis/1-thumb.webp,/images/products/saeco-xelsis/1-medium.webp,/images/products/saeco-xelsis/1-large.webp,/images/products/saeco-xelsis/2-thumb.webp,/images/products/saeco-xelsis/2-medium.webp,/images/products/saeco-xelsis/2-large.webp
saeco-granarista|/images/products/saeco-granarista/1-thumb.webp,/images/products/saeco-granarista/1-medium.webp,/images/products/saeco-granarista/1-large.webp,/images/products/saeco-granarista/2-thumb.webp,/images/products/saeco-granarista/2-medium.webp,/images/products/saeco-granarista/2-large.webp
krups-virtuoso|/images/products/krups-virtuoso/1-thumb.webp,/images/products/krups-virtuoso/1-medium.webp,/images/products/krups-virtuoso/1-large.webp,/images/products/krups-virtuoso/2-thumb.webp,/images/products/krups-virtuoso/2-medium.webp,/images/products/krups-virtuoso/2-large.webp
krups-evidence-plus|/images/products/krups-evidence-plus/1-thumb.webp,/images/products/krups-evidence-plus/1-medium.webp,/images/products/krups-evidence-plus/1-large.webp,/images/products/krups-evidence-plus/2-thumb.webp,/images/products/krups-evidence-plus/2-medium.webp,/images/products/krups-evidence-plus/2-large.webp,/images/products/krups-evidence-plus/3-thumb.webp,/images/products/krups-evidence-plus/3-medium.webp,/images/products/krups-evidence-plus/3-large.webp,/images/products/krups-evidence-plus/4-thumb.webp,/images/products/krups-evidence-plus/4-medium.webp,/images/products/krups-evidence-plus/4-large.webp
tchibo-barista-touch|/images/products/tchibo-barista-touch/1-thumb.webp,/images/products/tchibo-barista-touch/1-medium.webp,/images/products/tchibo-barista-touch/1-large.webp,/images/products/tchibo-barista-touch/2-thumb.webp,/images/products/tchibo-barista-touch/2-medium.webp,/images/products/tchibo-barista-touch/2-large.webp
tchibo-privilegio|/images/products/tchibo-privilegio/1-thumb.webp,/images/products/tchibo-privilegio/1-medium.webp,/images/products/tchibo-privilegio/1-large.webp,/images/products/tchibo-privilegio/2-thumb.webp,/images/products/tchibo-privilegio/2-medium.webp,/images/products/tchibo-privilegio/2-large.webp
bosch-unlimited-serie-8-bss81pob|/images/products/bosch-unlimited-serie-8-bss81pob/1-thumb.webp,/images/products/bosch-unlimited-serie-8-bss81pob/1-medium.webp,/images/products/bosch-unlimited-serie-8-bss81pob/1-large.webp,/images/products/bosch-unlimited-serie-8-bss81pob/2-thumb.webp,/images/products/bosch-unlimited-serie-8-bss81pob/2-medium.webp,/images/products/bosch-unlimited-serie-8-bss81pob/2-large.webp
bosch-serie-6-bbh3d122|/images/products/bosch-serie-6-bbh3d122/1-thumb.webp,/images/products/bosch-serie-6-bbh3d122/1-medium.webp,/images/products/bosch-serie-6-bbh3d122/1-large.webp,/images/products/bosch-serie-6-bbh3d122/2-thumb.webp,/images/products/bosch-serie-6-bbh3d122/2-medium.webp,/images/products/bosch-serie-6-bbh3d122/2-large.webp
beko-wrs-55p12-sw|/images/products/beko-wrs-55p12-sw/1-thumb.webp,/images/products/beko-wrs-55p12-sw/1-medium.webp,/images/products/beko-wrs-55p12-sw/1-large.webp
miele-w1-wsd163-wcs|/images/products/miele-w1-wsd163-wcs/1-thumb.webp,/images/products/miele-w1-wsd163-wcs/1-medium.webp,/images/products/miele-w1-wsd163-wcs/1-large.webp
miele-w1-wsd263-wcs|/images/products/miele-w1-wsd263-wcs/1-thumb.webp,/images/products/miele-w1-wsd263-wcs/1-medium.webp,/images/products/miele-w1-wsd263-wcs/1-large.webp
bosch-serie-8-wau285680|/images/products/bosch-serie-8-wau285680/1-thumb.webp,/images/products/bosch-serie-8-wau285680/1-medium.webp,/images/products/bosch-serie-8-wau285680/1-large.webp
bosch-serie-6-trockner-wtu876680|/images/products/bosch-serie-6-trockner-wtu876680/1-thumb.webp,/images/products/bosch-serie-6-trockner-wtu876680/1-medium.webp,/images/products/bosch-serie-6-trockner-wtu876680/1-large.webp
bosch-serie-6-kuhlschrank-kgn36aw3a|/images/products/bosch-serie-6-kuhlschrank-kgn36aw3a/1-thumb.webp,/images/products/bosch-serie-6-kuhlschrank-kgn36aw3a/1-medium.webp,/images/products/bosch-serie-6-kuhlschrank-kgn36aw3a/1-large.webp,/images/products/bosch-serie-6-kuhlschrank-kgn36aw3a/2-thumb.webp,/images/products/bosch-serie-6-kuhlschrank-kgn36aw3a/2-medium.webp,/images/products/bosch-serie-6-kuhlschrank-kgn36aw3a/2-large.webp
bosch-serie6-smv88tx36e|/images/products/bosch-serie6-smv88tx36e/1-thumb.webp,/images/products/bosch-serie6-smv88tx36e/1-medium.webp,/images/products/bosch-serie6-smv88tx36e/1-large.webp
